id_vendita,data,id_prodotto,id_farmacia,quantità,prezzo_unitario,id_cliente
1,2023-11-06,25,4,2,23.73,148
2,2023-10-30,19,1,7,23.51,176
3,2023-02-20,32,3,4,15.39,163
4,2023-07-14,17,2,2,26.56,80
5,2024-03-27,38,3,3,13.21,192
6,2024-03-01,13,2,9,15.90,129
7,2023-10-07,17,4,5,14.87,30
8,2024-04-24,10,2,7,32.57,94
9,2023-04-03,1,3,9,16.01,192
10,2024-11-19,38,4,6,10.89,7
11,2024-09-26,21,5,4,26.15,119
12,2024-12-18,27,1,3,3.41,127
13,2023-04-29,16,5,3,16.10,191
14,2024-12-14,27,5,3,26.89,126
15,2024-09-22,18,1,6,18.90,61
16,2024-01-07,24,5,6,12.48,32
17,2024-04-10,14,5,1,14.67,33
18,2024-08-01,5,5,4,32.90,60
19,2023-12-03,39,1,5,7.50,34
20,2024-07-07,12,1,1,15.61,61
21,2024-08-25,2,2,5,30.19,135
22,2023-04-27,5,4,8,21.50,28
23,2024-04-07,15,5,1,36.53,169
24,2024-06-17,30,1,1,34.20,110
25,2024-12-03,32,4,2,14.24,38
26,2023-03-09,18,5,10,14.36,153
27,2024-06-27,30,5,10,32.14,30
28,2024-11-01,36,2,7,10.68,87
29,2024-04-09,27,1,6,27.27,96
30,2023-06-06,31,1,2,5.54,25
31,2024-01-17,36,1,10,23.34,172
32,2023-05-06,23,4,1,24.82,91
33,2023-04-17,33,2,3,10.52,28
34,2023-12-25,24,1,5,32.67,144
35,2024-09-28,36,1,10,33.52,69
36,2023-01-30,18,3,6,8.89,37
37,2024-08-02,26,1,3,38.93,24
38,2024-06-27,25,4,8,16.06,185
39,2023-11-29,39,1,1,30.67,13
40,2024-11-21,18,4,7,18.80,70
41,2023-08-09,8,3,7,27.77,152
42,2024-05-13,20,1,4,24.77,2
43,2023-07-29,14,2,5,6.56,128
44,2024-03-16,9,4,9,21.01,172
45,2023-12-29,26,1,7,35.90,20
46,2023-11-17,28,5,7,17.87,30
47,2024-02-19,21,2,10,28.21,93
48,2023-04-01,7,2,7,21.91,102
49,2023-11-14,22,2,6,4.90,163
50,2023-04-27,33,2,6,38.41,166
51,2023-06-01,7,2,5,24.89,195
52,2024-11-02,12,4,8,30.88,115
53,2024-11-28,40,3,6,4.59,114
54,2024-10-08,18,5,1,4.82,119
55,2024-04-07,4,3,5,34.84,24
56,2024-09-21,33,4,8,38.26,190
57,2023-02-12,37,2,6,21.05,16
58,2024-04-06,22,1,9,3.49,182
59,2024-03-24,34,5,10,16.17,73
60,2024-02-01,22,5,1,26.60,17
61,2023-12-04,36,4,5,34.36,155
62,2023-06-03,6,5,3,13.79,168
63,2024-12-16,26,2,10,5.22,144
64,2024-01-21,22,2,9,27.48,131
65,2024-01-06,24,3,3,14.99,197
66,2024-05-12,15,2,3,34.09,26
67,2024-06-03,34,1,6,25.49,153
68,2024-01-21,11,2,10,8.29,113
69,2023-02-14,24,2,8,30.59,115
70,2023-08-28,16,3,8,9.37,174
71,2024-08-07,30,3,7,17.91,42
72,2023-07-24,9,3,1,35.22,142
73,2023-04-16,34,1,5,8.09,116
74,2024-06-09,28,1,4,35.62,7
75,2024-02-29,26,5,6,39.79,96
76,2023-08-18,21,1,6,7.23,74
77,2024-04-28,9,4,8,36.42,5
78,2023-09-20,10,5,10,6.23,74
79,2023-09-01,8,1,4,32.17,118
80,2023-03-06,32,5,9,27.30,132
81,2024-08-11,10,3,7,28.46,91
82,2023-09-04,27,2,2,15.70,135
83,2024-07-11,33,5,1,19.87,163
84,2024-02-01,17,1,6,15.10,188
85,2024-11-03,7,5,6,15.39,87
86,2024-10-20,30,4,3,4.40,199
87,2024-04-13,19,2,1,35.66,81
88,2023-11-14,26,5,8,30.63,49
89,2023-10-20,4,3,5,15.98,103
90,2024-03-26,22,2,8,15.96,133
91,2023-10-01,28,1,7,33.25,140
92,2023-10-28,7,1,6,13.65,155
93,2024-03-12,29,3,8,35.06,91
94,2024-09-21,18,1,2,17.44,132
95,2024-11-26,2,2,10,18.65,33
96,2023-03-10,24,3,7,3.23,40
97,2024-11-26,24,3,8,23.81,136
98,2024-01-11,21,3,4,2.98,48
99,2024-05-26,25,5,2,11.89,115
100,2023-08-08,19,4,4,34.41,116
101,2023-06-26,29,1,6,28.96,141
102,2024-07-09,20,2,3,21.33,32
103,2023-07-25,16,4,1,23.75,120
104,2024-07-18,40,1,2,39.98,185
105,2024-05-05,27,4,10,38.95,165
106,2023-03-17,30,5,6,33.50,142
107,2024-10-17,12,2,7,34.99,32
108,2024-06-14,20,2,3,28.95,89
109,2024-06-15,6,3,4,22.93,33
110,2024-10-02,40,5,2,8.41,149
111,2023-06-07,40,5,6,23.42,8
112,2023-03-25,37,3,4,17.83,164
113,2023-02-01,35,3,5,32.58,176
114,2024-02-20,30,1,1,17.79,119
115,2023-07-28,39,2,6,14.13,89
116,2024-02-13,24,5,9,11.19,32
117,2023-10-01,16,2,2,37.92,158
118,2024-03-04,11,3,10,9.21,41
119,2024-05-25,30,4,5,5.42,101
120,2024-06-01,16,2,10,3.92,127
121,2024-09-03,31,3,9,9.74,28
122,2024-03-17,17,3,7,17.22,146
123,2024-07-29,24,5,5,21.16,196
124,2024-07-17,40,5,2,5.67,96
125,2023-12-14,24,2,4,17.25,11
126,2023-02-16,9,3,8,7.66,132
127,2023-05-24,40,3,3,25.43,77
128,2024-08-30,33,5,9,23.39,122
129,2023-01-18,22,1,7,32.28,186
130,2024-12-05,2,5,8,26.91,199
131,2024-08-15,15,1,10,21.92,185
132,2024-09-26,10,2,1,28.62,49
133,2023-01-20,21,4,3,9.75,129
134,2024-09-18,4,2,9,14.35,170
135,2024-05-04,25,3,3,22.26,140
136,2023-12-29,17,5,8,11.37,143
137,2023-11-02,20,3,4,20.58,123
138,2023-12-24,18,3,2,22.64,102
139,2023-12-20,19,1,5,5.00,114
140,2024-11-02,31,2,4,12.30,144
141,2024-12-13,9,1,10,11.09,13
142,2024-11-16,15,2,1,14.55,121
143,2023-04-13,9,1,9,8.00,168
144,2024-05-02,13,3,6,4.25,197
145,2023-04-02,37,2,9,34.31,10
146,2023-06-29,12,1,7,9.08,192
147,2023-10-24,1,3,10,37.28,86
148,2023-10-19,35,5,8,7.10,130
149,2024-04-24,13,1,6,19.44,66
150,2023-07-10,22,3,10,9.34,157
151,2024-10-16,28,5,6,27.43,48
152,2023-05-24,21,2,1,10.95,193
153,2023-10-01,20,5,10,37.52,168
154,2024-01-04,16,1,2,8.07,176
155,2024-05-29,20,1,5,10.39,35
156,2024-05-04,30,5,6,22.87,121
157,2024-07-04,14,2,10,5.11,115
158,2024-06-24,24,1,10,33.49,130
159,2023-07-27,35,2,3,21.77,30
160,2024-11-27,38,4,2,18.93,15
161,2024-04-09,33,4,8,23.23,173
162,2023-11-12,2,4,5,30.34,149
163,2023-03-16,28,3,2,4.29,18
164,2024-04-28,19,4,3,31.10,187
165,2024-10-23,24,4,8,36.46,97
166,2023-03-24,35,2,6,39.73,101
167,2024-06-25,15,1,1,19.59,185
168,2024-07-11,35,4,4,15.15,71
169,2023-07-13,8,1,7,37.58,5
170,2023-09-04,5,1,10,24.72,181
171,2023-02-19,3,4,8,10.26,199
172,2023-02-27,33,3,4,29.80,82
173,2024-08-14,21,2,5,39.46,134
174,2023-08-15,20,3,1,24.48,189
175,2023-06-29,28,5,8,15.09,165
176,2024-11-18,34,3,7,13.40,48
177,2024-07-04,16,2,5,7.49,119
178,2023-03-01,27,4,9,16.76,66
179,2023-07-28,6,4,6,29.53,49
180,2023-02-22,25,5,10,4.77,195
181,2024-08-24,36,2,8,36.47,78
182,2023-01-16,13,1,8,28.43,181
183,2023-07-29,16,5,6,16.47,137
184,2024-10-26,20,3,6,20.90,26
185,2024-04-25,14,3,6,23.38,57
186,2023-05-30,17,5,10,17.87,40
187,2023-07-20,15,4,10,20.97,168
188,2024-12-02,17,4,8,29.85,91
189,2023-06-23,35,4,3,22.60,165
190,2023-03-02,3,1,1,17.67,162
191,2023-08-25,10,1,4,16.18,159
192,2024-10-15,40,4,8,22.39,137
193,2024-07-18,1,1,9,22.36,74
194,2023-01-18,28,2,2,21.93,62
195,2023-07-16,34,3,6,17.08,96
196,2024-02-20,37,2,4,33.47,21
197,2024-10-31,3,1,7,23.00,15
198,2024-10-14,11,1,8,26.51,85
199,2024-08-02,34,1,4,34.99,146
200,2024-05-01,3,1,5,23.41,9
201,2023-07-03,2,2,10,33.19,102
202,2023-03-20,11,5,4,34.28,174
203,2024-07-07,25,2,2,39.02,14
204,2023-04-11,15,1,6,25.33,153
205,2024-02-11,2,3,8,15.52,97
206,2024-03-18,38,4,2,13.22,64
207,2024-12-31,6,3,3,31.79,40
208,2024-02-03,24,1,2,29.14,79
209,2024-03-31,18,1,3,18.38,143
210,2024-07-22,27,1,1,23.06,153
211,2024-09-04,25,1,5,31.61,186
212,2024-07-26,37,5,3,8.44,69
213,2023-11-05,32,2,2,12.49,77
214,2024-05-10,24,3,4,20.84,158
215,2023-07-20,7,2,5,23.68,102
216,2023-12-07,25,3,8,32.99,167
217,2024-08-31,20,3,10,9.63,81
218,2023-07-01,21,3,8,31.72,84
219,2024-01-21,26,3,2,9.59,140
220,2023-07-04,36,1,8,9.97,75
221,2024-12-10,27,4,3,11.20,169
222,2023-06-07,28,4,2,24.72,150
223,2024-02-15,33,4,9,38.80,180
224,2024-07-03,6,1,4,15.49,166
225,2024-09-19,37,4,6,18.36,3
226,2023-04-11,15,5,9,28.13,57
227,2024-04-01,26,4,10,7.73,7
228,2024-05-09,19,4,2,37.75,37
229,2023-12-23,22,4,4,15.24,25
230,2024-03-24,29,3,2,32.79,30
231,2023-01-24,7,2,4,22.97,85
232,2024-07-27,30,2,7,9.08,169
233,2024-03-18,2,5,4,18.32,2
234,2024-12-22,14,3,2,32.38,138
235,2023-07-11,21,2,8,27.49,126
236,2024-06-24,21,5,7,24.31,90
237,2023-12-27,40,2,5,24.43,173
238,2023-05-18,8,2,5,16.19,37
239,2024-06-07,27,5,3,18.08,125
240,2024-10-12,12,5,3,7.33,81
241,2024-04-06,4,3,1,9.41,99
242,2024-07-29,32,4,8,33.92,126
243,2023-06-21,37,1,4,12.44,138
244,2023-10-23,30,5,8,6.30,30
245,2023-10-02,24,5,1,18.77,56
246,2024-03-11,16,3,1,15.25,23
247,2024-03-25,16,2,10,34.72,157
248,2024-10-09,11,5,3,32.91,16
249,2024-08-06,35,3,10,14.30,181
250,2023-10-27,37,3,9,27.81,25
251,2023-05-19,4,3,3,7.04,38
252,2024-12-29,16,4,8,26.03,161
253,2024-02-29,29,1,2,30.49,178
254,2024-01-13,32,3,10,27.30,199
255,2023-04-06,30,3,2,17.11,110
256,2023-08-05,18,3,5,23.96,145
257,2024-05-11,4,1,2,33.79,5
258,2023-05-08,29,4,1,18.26,177
259,2023-05-16,20,2,5,15.70,22
260,2024-01-16,11,1,7,29.59,194
261,2023-08-28,6,1,1,4.96,152
262,2023-08-20,29,1,1,33.05,109
263,2024-12-11,31,1,4,29.77,27
264,2023-04-16,24,3,3,32.91,35
265,2024-10-18,10,1,9,25.19,43
266,2024-03-26,14,2,7,18.81,56
267,2023-03-30,9,1,10,15.36,110
268,2023-11-19,16,3,2,24.84,185
269,2024-09-14,2,3,4,21.36,192
270,2024-02-06,4,2,8,11.16,164
271,2024-08-31,34,1,6,7.02,146
272,2024-03-06,35,2,8,31.27,5
273,2024-08-24,1,3,4,4.30,102
274,2024-06-02,33,4,7,5.13,138
275,2024-07-04,10,3,2,21.43,53
276,2023-06-09,21,4,10,33.71,175
277,2024-10-20,20,4,4,5.28,112
278,2023-04-29,40,5,1,30.18,190
279,2023-06-29,1,2,1,38.21,134
280,2024-06-13,17,2,6,31.68,69
281,2023-05-01,22,4,5,11.99,148
282,2024-10-04,32,4,9,20.99,146
283,2023-06-20,11,3,2,27.62,30
284,2023-08-22,33,1,1,2.47,12
285,2024-04-28,25,2,3,34.58,142
286,2024-11-02,15,3,4,29.37,70
287,2023-03-21,24,1,9,4.00,58
288,2024-06-12,26,1,8,31.39,80
289,2023-12-02,36,4,1,13.08,78
290,2024-09-29,30,3,10,39.92,199
291,2023-07-20,35,2,3,25.40,105
292,2023-01-25,35,3,1,2.06,169
293,2024-01-21,20,1,4,11.05,126
294,2023-03-03,18,1,1,36.10,134
295,2024-02-27,24,4,2,21.21,164
296,2024-02-08,38,5,1,38.64,61
297,2023-10-26,21,4,6,12.33,20
298,2023-07-27,38,1,3,19.08,81
299,2024-02-21,35,3,4,19.61,31
300,2023-04-03,20,5,1,34.55,38
301,2023-04-04,16,3,7,27.73,67
302,2023-06-28,26,4,9,11.49,119
303,2023-04-15,8,1,1,39.34,34
304,2023-07-22,24,1,10,36.86,20
305,2023-01-23,13,4,3,34.20,85
306,2023-05-06,30,1,3,18.46,186
307,2024-02-09,2,4,7,10.16,48
308,2023-10-09,29,2,1,25.45,166
309,2023-10-30,27,5,8,12.63,36
310,2024-03-05,34,2,9,39.60,183
311,2024-01-03,35,4,6,21.09,100
312,2023-10-04,2,3,10,36.04,200
313,2023-10-15,31,5,6,39.99,41
314,2023-04-13,16,3,9,36.86,15
315,2023-08-13,25,3,3,24.52,189
316,2024-12-15,38,1,6,23.42,145
317,2023-07-12,35,3,3,5.43,60
318,2024-09-08,2,5,8,5.44,158
319,2023-07-26,22,2,6,7.61,181
320,2023-05-26,34,3,2,37.79,102
321,2024-08-23,22,3,6,7.99,112
322,2024-10-16,21,2,9,37.30,92
323,2023-08-17,38,2,7,28.16,33
324,2023-07-01,1,5,7,31.29,146
325,2023-02-03,39,3,10,23.49,128
326,2023-05-25,5,2,6,8.38,23
327,2024-12-26,22,4,1,11.48,18
328,2023-12-25,7,1,1,29.84,43
329,2024-02-28,25,3,9,33.49,148
330,2024-10-28,15,2,8,34.14,76
331,2023-01-21,17,1,2,35.74,42
332,2023-03-18,6,3,10,35.94,181
333,2023-02-01,11,5,7,5.85,53
334,2023-07-14,36,5,5,13.30,25
335,2023-02-20,37,5,8,15.71,110
336,2023-03-31,39,4,4,9.86,164
337,2023-10-26,31,1,5,19.90,170
338,2023-09-29,35,4,3,16.49,48
339,2024-04-01,17,4,8,33.81,145
340,2023-03-05,7,1,6,17.73,194
341,2024-08-26,36,1,7,17.91,138
342,2024-12-04,37,2,8,17.00,183
343,2023-02-05,37,5,10,25.57,31
344,2024-04-04,11,2,4,18.09,175
345,2024-03-21,10,5,5,29.63,18
346,2023-03-31,36,4,9,12.50,118
347,2023-01-13,40,5,9,6.28,39
348,2023-06-01,38,5,2,23.38,26
349,2023-10-20,23,4,5,20.45,156
350,2024-04-29,12,3,7,25.13,178
351,2024-02-16,26,3,4,20.06,69
352,2024-01-17,22,3,5,20.68,179
353,2024-12-02,15,2,5,18.84,83
354,2023-10-03,27,5,2,10.03,105
355,2024-05-11,24,1,9,4.49,182
356,2024-06-02,9,5,10,7.57,50
357,2023-07-25,16,1,8,15.69,51
358,2023-10-08,30,5,7,6.71,8
359,2023-09-05,32,5,8,35.08,151
360,2024-07-18,23,2,5,28.18,73
361,2023-01-29,4,2,10,10.14,57
362,2024-10-24,14,3,7,34.86,197
363,2024-11-29,31,2,3,2.32,65
364,2024-09-14,18,4,7,19.44,56
365,2024-04-22,34,5,7,2.28,170
366,2024-01-19,39,5,5,6.11,17
367,2023-12-11,21,3,5,38.18,167
368,2023-11-02,10,5,4,32.61,154
369,2024-02-18,21,2,1,39.90,67
370,2024-03-04,25,1,10,23.74,49
371,2023-12-18,15,5,8,27.53,130
372,2023-11-04,36,2,5,6.86,67
373,2024-07-26,22,1,4,30.28,79
374,2024-03-06,24,3,10,34.35,121
375,2023-02-24,38,5,10,35.80,129
376,2023-05-03,25,5,5,35.09,39
377,2023-05-21,22,4,10,39.49,37
378,2023-11-20,12,1,8,39.49,81
379,2024-10-11,1,4,5,31.39,148
380,2023-06-12,6,2,10,18.32,110
381,2024-05-03,1,1,9,16.18,4
382,2023-11-26,13,1,1,11.46,178
383,2023-12-19,9,1,7,13.63,17
384,2023-02-16,19,4,9,14.84,176
385,2023-05-18,32,3,4,36.46,104
386,2023-01-20,15,2,4,24.41,44
387,2023-05-07,3,4,5,25.68,153
388,2023-02-19,7,1,1,17.84,98
389,2023-05-07,17,4,3,28.06,3
390,2023-11-05,7,5,5,28.63,108
391,2023-04-18,40,1,5,6.04,51
392,2024-09-15,17,5,4,17.57,42
393,2023-02-10,32,2,8,2.10,172
394,2023-04-02,37,4,3,31.62,20
395,2023-04-14,15,4,5,3.90,45
396,2023-02-10,24,3,7,5.61,195
397,2023-02-16,9,2,6,18.63,160
398,2023-10-02,6,3,6,17.23,117
399,2023-10-06,31,4,3,28.45,16
400,2023-06-13,27,5,8,27.78,47
401,2024-09-17,23,5,1,35.44,187
402,2023-05-14,32,1,7,4.41,168
403,2023-11-18,34,5,10,38.32,87
404,2024-06-15,40,1,7,11.45,89
405,2024-11-10,25,2,9,25.29,3
406,2024-10-20,33,4,8,4.84,126
407,2023-11-25,22,3,1,22.92,97
408,2024-02-17,6,4,8,19.03,128
409,2024-04-02,8,4,1,17.67,143
410,2024-07-16,6,5,10,35.82,144
411,2023-07-31,30,3,6,33.03,117
412,2023-12-06,40,5,8,15.81,116
413,2023-04-27,15,1,6,26.08,75
414,2024-07-14,24,1,1,20.71,184
415,2024-02-24,17,5,4,37.35,101
416,2023-08-09,13,3,2,3.77,163
417,2024-11-19,8,4,8,38.34,35
418,2024-05-25,34,1,9,33.88,124
419,2024-06-04,38,2,3,26.99,156
420,2023-11-26,25,4,10,30.97,71
421,2024-02-12,19,4,3,24.90,192
422,2024-06-08,36,3,9,9.63,160
423,2023-10-25,23,2,3,28.38,83
424,2024-12-28,23,5,8,37.82,182
425,2024-03-03,35,3,7,21.86,7
426,2024-01-26,4,1,4,31.85,74
427,2024-11-30,10,1,5,22.56,92
428,2024-04-08,40,5,4,23.33,61
429,2024-06-07,19,1,7,38.35,176
430,2023-11-17,4,1,5,35.02,114
431,2023-08-19,24,5,9,9.47,186
432,2023-07-18,29,2,2,8.60,132
433,2023-05-03,3,4,5,6.94,150
434,2023-09-19,22,4,3,37.29,153
435,2023-02-22,40,3,8,22.91,19
436,2024-12-25,34,2,3,31.88,41
437,2024-03-01,35,4,2,35.57,170
438,2023-12-06,24,3,4,25.49,122
439,2024-07-28,1,1,6,36.37,158
440,2024-09-28,3,3,7,37.91,99
441,2023-09-20,19,1,9,16.25,131
442,2024-04-01,3,3,4,5.13,25
443,2023-06-21,35,1,2,25.92,55
444,2024-12-02,7,2,9,35.39,190
445,2024-03-21,5,2,1,14.61,23
446,2023-03-17,12,3,9,33.22,67
447,2024-02-22,29,4,7,16.80,31
448,2024-07-01,40,1,10,34.23,92
449,2024-05-29,19,3,10,31.08,113
450,2024-01-26,2,4,3,7.18,101
451,2024-07-12,10,3,6,2.42,143
452,2023-05-25,3,1,10,22.41,22
453,2023-11-09,23,2,7,34.36,37
454,2023-06-14,15,5,5,8.89,146
455,2023-02-25,30,5,2,4.56,26
456,2023-07-22,38,4,6,27.51,61
457,2023-04-13,40,1,4,19.12,158
458,2024-11-06,38,2,10,32.69,110
459,2023-06-22,21,2,4,26.35,71
460,2024-01-04,22,4,8,31.44,125
461,2024-07-18,12,5,2,34.63,36
462,2024-07-05,17,1,2,34.28,162
463,2023-02-01,38,4,10,3.39,67
464,2024-07-10,31,2,6,35.87,151
465,2023-10-25,30,5,9,15.83,3
466,2024-11-09,40,2,9,8.05,145
467,2024-08-02,10,4,6,30.94,60
468,2023-03-06,24,2,1,21.68,93
469,2024-02-02,30,1,1,14.31,181
470,2024-06-17,18,3,10,8.61,168
471,2024-01-23,38,1,9,38.96,58
472,2024-06-12,23,3,8,35.71,2
473,2024-05-28,29,2,4,26.45,55
474,2023-06-03,11,3,10,6.50,59
475,2024-02-29,8,4,8,24.45,166
476,2024-02-25,16,1,3,8.12,162
477,2024-06-08,37,2,1,37.05,133
478,2024-02-20,37,1,5,10.23,156
479,2024-04-27,11,2,7,32.20,197
480,2023-07-06,33,3,3,15.02,117
481,2024-09-02,5,2,7,6.13,52
482,2024-06-19,27,2,10,20.08,158
483,2024-09-06,35,5,2,27.06,155
484,2024-07-06,28,5,7,3.65,136
485,2024-03-15,31,4,6,30.17,195
486,2024-12-14,7,4,3,31.10,22
487,2023-10-18,35,4,5,28.95,2
488,2024-08-14,8,5,1,9.81,81
489,2024-02-23,7,2,7,11.64,138
490,2024-03-09,24,5,5,17.10,53
491,2024-02-28,36,4,3,23.09,65
492,2023-11-11,23,4,3,27.05,192
493,2023-08-24,11,1,4,31.87,141
494,2024-09-20,4,2,7,2.20,24
495,2023-05-29,39,4,2,10.43,21
496,2024-09-15,25,4,10,12.89,153
497,2023-02-28,32,4,1,26.96,133
498,2023-10-20,3,5,9,10.80,44
499,2024-11-21,24,2,1,5.30,71
500,2024-02-14,26,4,10,2.58,181
501,2023-03-12,36,3,9,15.23,71
502,2023-08-20,13,4,7,11.92,105
503,2024-06-02,36,1,9,37.99,132
504,2023-09-21,37,3,8,23.40,198
505,2023-09-07,30,4,10,20.31,67
506,2023-03-11,15,2,6,15.42,138
507,2023-01-10,17,2,5,27.60,88
508,2023-03-19,12,4,6,35.98,69
509,2023-07-07,13,4,4,11.20,68
510,2023-07-31,13,2,10,31.60,31
511,2023-03-22,32,5,1,22.58,11
512,2024-05-08,40,3,8,35.48,148
513,2023-10-09,12,5,5,30.51,33
514,2023-02-25,28,4,9,15.20,176
515,2023-06-28,8,5,8,2.32,173
516,2023-08-04,38,1,6,34.75,48
517,2024-07-15,16,3,8,15.04,48
518,2024-05-25,14,4,6,17.22,116
519,2023-07-04,9,5,4,29.39,61
520,2024-07-22,25,2,3,30.06,122
521,2023-01-10,27,4,3,34.28,133
522,2024-06-30,21,4,5,34.62,13
523,2024-02-12,11,1,4,20.11,162
524,2023-04-09,22,3,6,23.18,66
525,2023-12-19,27,1,6,38.60,51
526,2024-08-13,35,2,5,27.58,125
527,2024-04-02,25,5,5,38.35,43
528,2024-10-17,27,5,10,36.47,21
529,2023-06-15,15,3,6,29.00,155
530,2024-10-22,18,4,6,21.80,116
531,2024-02-28,12,1,3,27.16,191
532,2024-12-18,6,2,3,5.63,122
533,2024-07-15,2,4,9,5.16,68
534,2024-09-24,6,4,5,30.03,114
535,2024-10-03,9,5,3,7.57,170
536,2024-01-01,31,4,9,22.84,35
537,2024-12-15,12,5,10,30.46,145
538,2024-03-21,35,3,6,10.63,23
539,2024-03-28,24,4,5,2.40,134
540,2023-05-20,19,4,9,16.49,126
541,2024-05-03,1,4,5,32.28,141
542,2024-01-18,27,5,7,8.20,189
543,2024-10-23,25,2,5,25.76,133
544,2024-09-19,18,3,9,17.69,18
545,2023-07-06,19,1,8,12.34,160
546,2024-05-18,21,1,3,22.33,48
547,2023-04-15,18,2,8,10.85,39
548,2023-01-16,14,3,7,32.38,96
549,2024-04-19,3,3,2,38.16,15
550,2023-09-30,5,5,8,36.04,65
551,2024-01-26,8,2,7,18.83,189
552,2023-02-04,30,1,9,9.92,100
553,2024-11-28,21,2,1,22.88,32
554,2023-09-17,20,2,6,34.82,56
555,2023-04-26,28,3,1,12.49,31
556,2024-02-10,1,1,10,20.06,153
557,2023-06-08,6,2,3,28.07,87
558,2024-10-02,4,3,3,32.08,33
559,2024-05-14,21,5,6,18.67,50
560,2023-01-22,25,3,3,3.50,181
561,2024-03-24,19,5,8,9.09,90
562,2023-11-28,30,3,10,23.07,18
563,2024-06-27,29,3,5,19.26,199
564,2024-10-15,25,2,1,15.83,159
565,2023-09-02,5,5,7,27.96,197
566,2024-07-18,40,3,6,14.24,25
567,2024-06-19,5,1,3,3.19,28
568,2024-05-12,7,1,10,16.77,126
569,2024-06-22,38,3,1,25.03,19
570,2023-01-14,32,1,8,4.31,143
571,2024-03-01,4,5,5,29.90,78
572,2023-03-21,34,1,2,22.20,49
573,2023-07-17,16,5,3,23.21,192
574,2023-04-19,37,3,8,18.23,27
575,2023-06-20,36,4,9,8.01,154
576,2024-03-29,21,5,6,17.67,163
577,2024-03-16,21,5,4,10.13,197
578,2024-07-17,17,3,8,17.09,186
579,2023-02-05,39,1,9,35.83,2
580,2023-11-04,14,3,1,37.85,71
581,2024-07-20,36,5,10,3.43,92
582,2023-06-09,17,3,10,11.74,77
583,2023-04-05,26,5,4,29.50,124
584,2023-06-27,37,1,10,3.42,148
585,2024-01-26,4,3,6,18.50,31
586,2023-08-21,39,1,7,21.93,82
587,2024-07-06,10,3,9,7.82,173
588,2024-02-07,39,5,9,18.41,101
589,2023-06-01,22,1,8,3.87,103
590,2023-09-26,26,5,7,6.95,35
591,2024-05-07,13,4,7,9.45,158
592,2024-06-20,16,1,5,14.29,148
593,2023-04-02,27,4,6,14.19,153
594,2024-11-02,20,2,6,39.63,114
595,2024-09-30,29,1,4,16.21,194
596,2023-03-29,4,2,10,35.01,74
597,2023-01-15,8,3,8,14.61,190
598,2024-07-04,14,5,9,22.85,160
599,2023-05-25,2,4,10,22.02,66
600,2023-06-24,19,2,10,19.67,3
601,2023-03-10,18,3,2,40.25,167
602,2024-01-31,25,5,2,20.42,153
603,2024-06-28,12,2,9,23.31,183
604,2023-01-23,16,5,5,16.95,41
605,2023-01-19,23,3,5,39.17,129
606,2023-10-10,17,4,1,38.07,58
607,2023-06-05,26,2,2,21.79,174
608,2024-09-19,15,4,4,18.21,80
609,2024-09-11,29,5,3,7.27,139
610,2024-12-01,9,3,9,18.34,198
611,2023-05-29,37,2,6,22.25,185
612,2023-05-02,21,2,1,35.45,106
613,2024-02-26,29,3,3,6.06,48
614,2023-01-27,40,3,10,10.77,60
615,2023-08-25,2,3,2,20.11,129
616,2024-09-11,24,2,7,7.23,50
617,2023-08-20,27,1,5,10.46,172
618,2023-07-27,5,2,8,20.62,84
619,2024-04-13,28,4,1,33.32,185
620,2023-11-17,40,5,10,26.37,181
621,2023-02-09,7,4,8,3.61,63
622,2024-06-15,26,1,9,31.08,13
623,2023-07-14,29,4,5,12.86,43
624,2024-03-08,40,1,9,19.62,166
625,2024-04-07,33,1,3,37.64,179
626,2024-07-13,26,4,6,8.80,152
627,2024-12-30,30,1,5,26.65,183
628,2023-06-17,8,1,2,26.09,22
629,2024-06-20,25,5,10,16.39,98
630,2023-02-14,22,5,3,7.50,197
631,2024-12-30,27,3,5,38.52,74
632,2024-10-03,8,2,4,31.46,196
633,2023-09-17,30,4,8,2.22,127
634,2023-09-01,38,4,8,5.02,154
635,2023-01-07,36,3,10,33.16,54
636,2023-02-20,10,1,6,34.45,171
637,2024-08-14,20,3,2,17.84,46
638,2023-06-15,19,5,10,23.36,117
639,2024-08-15,3,1,5,36.11,18
640,2024-03-13,5,3,8,28.40,71
641,2023-12-04,27,5,4,25.26,28
642,2024-08-08,34,1,8,24.98,181
643,2023-10-22,39,3,5,39.81,91
644,2023-05-13,37,4,9,20.91,47
645,2024-09-16,19,2,1,19.67,31
646,2023-08-01,27,4,1,23.30,164
647,2023-08-06,13,3,5,13.70,130
648,2024-07-17,1,1,6,29.53,158
649,2023-01-30,13,3,6,20.21,122
650,2023-02-06,9,4,3,35.90,138
651,2023-12-10,27,1,9,29.55,81
652,2024-07-22,2,2,10,32.38,91
653,2023-03-09,18,1,6,25.81,43
654,2024-08-07,25,2,10,31.73,79
655,2024-12-23,3,3,7,35.33,96
656,2024-04-07,14,5,5,16.22,10
657,2023-07-26,29,5,1,36.39,40
658,2023-07-14,31,5,5,7.45,26
659,2024-06-12,9,2,1,29.12,134
660,2023-04-29,20,1,10,14.67,12
661,2023-04-16,20,1,10,26.28,54
662,2023-11-25,13,3,5,31.37,172
663,2023-05-01,10,2,5,38.42,144
664,2024-06-10,14,5,6,12.30,181
665,2023-10-18,16,2,2,35.91,139
666,2024-03-30,9,1,8,3.92,99
667,2023-02-25,28,4,3,35.87,162
668,2024-12-07,29,5,6,33.06,183
669,2024-11-17,6,4,10,32.89,179
670,2024-04-24,30,3,8,38.00,37
671,2024-09-23,24,4,3,27.28,84
672,2024-04-09,2,1,8,20.19,44
673,2023-10-17,39,5,3,17.42,183
674,2023-04-20,36,1,5,17.23,106
675,2023-09-02,16,5,3,16.59,88
676,2023-08-02,38,4,7,15.00,178
677,2023-08-30,5,5,8,24.65,84
678,2024-07-22,29,2,5,4.65,28
679,2024-12-02,25,3,8,4.34,56
680,2023-05-23,1,2,3,13.08,158
681,2024-08-14,13,2,6,32.19,174
682,2023-11-08,23,1,10,9.73,131
683,2024-02-18,19,1,6,38.78,1
684,2024-12-21,23,1,5,10.94,180
685,2024-08-27,21,4,7,22.71,170
686,2023-06-27,9,2,9,37.13,107
687,2023-06-07,9,2,1,2.60,185
688,2024-05-13,28,2,2,32.63,117
689,2024-12-13,28,5,3,18.12,116
690,2024-01-29,15,2,7,23.96,188
691,2023-08-31,33,3,7,23.90,9
692,2023-02-08,31,3,2,38.55,21
693,2023-05-26,34,3,8,21.89,157
694,2023-04-01,31,1,9,13.87,14
695,2023-12-18,1,4,8,19.83,188
696,2023-12-06,23,3,5,28.41,153
697,2023-11-08,37,3,1,23.97,147
698,2023-02-22,19,5,1,5.14,130
699,2023-03-20,17,2,10,34.60,4
700,2023-04-25,12,5,3,16.05,45
701,2023-09-25,16,4,3,34.76,88
702,2023-03-28,39,2,8,17.69,99
703,2023-09-01,29,2,4,33.99,14
704,2024-10-19,8,1,3,20.10,122
705,2024-06-29,25,4,8,22.16,112
706,2023-01-13,29,4,6,27.95,11
707,2023-04-10,23,4,10,34.62,86
708,2023-10-04,7,3,10,31.38,192
709,2023-09-05,38,2,9,28.23,47
710,2023-11-17,1,1,2,7.70,26
711,2024-06-21,29,3,4,11.57,9
712,2023-01-25,6,1,10,33.75,154
713,2024-10-15,8,1,10,26.94,166
714,2024-08-02,8,2,5,27.10,20
715,2024-10-16,18,4,6,31.67,71
716,2023-03-05,25,3,1,32.89,46
717,2024-03-27,32,2,10,26.53,28
718,2023-05-28,28,2,10,36.68,184
719,2023-09-23,3,1,2,11.52,115
720,2023-01-20,10,1,1,12.12,180
721,2023-12-04,37,1,9,31.30,123
722,2024-03-22,5,5,4,19.76,177
723,2024-05-08,37,5,6,13.51,15
724,2024-10-09,6,3,9,14.92,118
725,2023-10-24,13,2,9,16.60,49
726,2023-11-03,25,1,6,35.64,113
727,2023-07-14,3,2,1,24.53,126
728,2024-02-03,35,3,8,33.70,116
729,2023-01-17,22,1,6,3.63,31
730,2023-08-05,34,4,9,24.02,19
731,2023-02-07,10,4,1,36.88,12
732,2023-09-06,9,1,3,36.38,25
733,2024-04-12,11,5,2,6.04,128
734,2024-09-01,15,1,4,32.84,189
735,2024-11-25,21,1,10,14.22,55
736,2023-02-16,12,3,2,7.37,107
737,2023-06-22,24,5,3,37.18,11
738,2023-05-17,40,4,3,22.39,125
739,2023-03-24,1,2,2,24.56,73
740,2024-03-02,31,2,4,12.30,116
741,2024-02-26,12,5,1,29.25,157
742,2023-04-01,20,3,7,37.52,61
743,2023-07-16,34,1,10,30.92,139
744,2024-06-03,30,2,5,6.28,39
745,2024-12-02,32,2,3,3.64,166
746,2024-01-08,14,4,5,32.60,195
747,2024-04-09,7,1,9,31.85,125
748,2024-06-11,5,2,8,14.39,51
749,2024-11-24,15,1,6,11.01,106
750,2023-07-24,15,1,8,4.06,112
751,2023-05-29,40,4,3,7.18,185
752,2023-07-18,23,3,4,3.22,146
753,2023-03-03,9,1,8,8.51,88
754,2023-08-14,39,2,10,23.97,142
755,2023-08-24,27,5,8,10.22,122
756,2024-04-18,1,4,4,18.50,57
757,2024-08-28,37,1,7,3.52,121
758,2024-05-31,28,5,7,32.32,26
759,2024-04-08,16,1,9,28.34,105
760,2023-08-12,23,3,4,5.45,123
761,2024-11-16,11,4,10,2.93,117
762,2024-04-19,26,2,6,28.75,1
763,2024-10-04,25,3,9,18.18,70
764,2024-12-15,35,5,4,5.08,86
765,2023-02-26,24,1,2,19.68,11
766,2024-01-10,12,5,2,31.40,36
767,2023-12-09,35,1,8,30.59,180
768,2023-08-03,15,3,6,21.14,109
769,2023-10-11,5,3,6,21.06,32
770,2024-04-26,35,5,5,15.99,173
771,2024-12-10,13,4,2,36.12,74
772,2023-03-20,11,3,2,20.86,53
773,2024-06-17,2,3,7,22.57,34
774,2024-04-30,27,4,1,4.39,60
775,2024-06-16,22,4,10,26.55,84
776,2024-05-12,34,5,8,23.56,79
777,2023-06-25,15,4,6,31.25,13
778,2023-06-01,19,4,3,8.11,138
779,2023-10-20,12,2,3,3.56,82
780,2024-08-11,29,3,6,23.37,9
781,2024-11-12,23,2,6,39.07,137
782,2023-11-05,2,4,8,38.02,82
783,2023-06-09,35,5,6,13.23,75
784,2024-08-10,10,5,8,6.27,123
785,2023-02-11,36,1,5,9.19,159
786,2023-08-14,23,1,6,26.37,150
787,2024-06-23,18,2,1,34.28,174
788,2024-11-18,33,4,4,24.92,131
789,2023-02-27,24,4,3,18.25,99
790,2024-01-17,19,3,6,18.93,144
791,2023-03-31,29,4,8,32.62,109
792,2024-02-29,38,5,2,13.52,135
793,2023-12-10,38,4,2,34.00,164
794,2023-10-07,12,5,8,30.70,36
795,2023-07-24,25,3,9,33.27,78
796,2024-08-22,32,5,8,32.07,40
797,2023-09-26,31,1,5,20.69,177
798,2024-10-22,2,1,5,38.88,154
799,2024-01-06,31,5,7,25.86,122
800,2024-12-11,24,5,10,29.14,67
801,2023-06-16,4,2,6,28.34,92
802,2023-06-17,18,3,7,38.30,13
803,2023-10-24,34,1,9,25.87,196
804,2023-04-07,11,5,6,33.42,176
805,2023-11-05,24,1,9,33.29,4
806,2023-05-21,19,3,8,36.99,42
807,2023-04-15,10,5,4,32.21,144
808,2024-09-20,34,5,9,32.50,107
809,2024-04-16,8,2,1,13.84,93
810,2023-05-23,39,5,6,13.58,191
811,2023-05-02,9,2,4,9.97,21
812,2024-03-11,8,1,1,30.78,11
813,2023-07-21,3,5,10,6.52,65
814,2023-02-14,20,1,2,36.96,53
815,2024-08-24,12,3,1,34.14,72
816,2024-08-16,23,2,9,25.29,130
817,2024-08-06,7,5,1,29.20,73
818,2023-06-25,1,1,4,34.35,122
819,2024-01-11,38,2,8,6.08,91
820,2024-01-24,14,5,4,30.93,81
821,2023-05-07,8,5,3,15.73,74
822,2024-07-24,3,1,6,16.62,117
823,2024-09-06,20,4,4,13.04,110
824,2023-07-13,31,3,3,9.74,173
825,2024-05-18,7,4,8,27.71,31
826,2023-05-27,26,5,2,35.91,44
827,2023-03-08,13,3,4,39.65,32
828,2023-08-27,32,3,10,30.74,165
829,2024-02-14,31,5,7,21.43,38
830,2024-04-10,8,3,8,25.88,35
831,2023-01-31,4,1,8,38.94,98
832,2024-09-11,21,2,5,5.66,20
833,2024-11-07,32,4,4,20.92,130
834,2023-09-25,22,5,9,23.37,196
835,2023-02-02,8,4,8,16.30,118
836,2023-02-06,12,5,5,8.24,111
837,2023-05-18,25,4,2,20.64,142
838,2024-12-02,37,4,8,7.94,15
839,2024-02-05,32,5,7,15.41,73
840,2023-11-25,2,5,1,15.92,190
841,2024-08-20,22,4,2,39.69,106
842,2023-12-26,16,2,4,24.52,177
843,2023-03-09,8,3,3,31.46,84
844,2023-02-08,28,5,9,12.13,179
845,2024-04-25,2,3,7,14.25,26
846,2024-05-15,14,3,8,31.07,87
847,2023-06-20,20,3,7,26.15,20
848,2024-07-02,19,3,1,23.79,58
849,2024-10-01,6,5,2,12.39,146
850,2024-06-27,28,2,6,26.76,78
851,2024-05-31,28,5,6,17.29,160
852,2024-06-11,36,2,1,21.62,48
853,2024-08-13,14,4,5,22.24,158
854,2024-03-20,4,5,4,7.61,39
855,2024-12-02,28,4,6,36.62,163
856,2023-07-28,18,3,3,24.85,104
857,2023-09-02,10,2,1,33.43,119
858,2024-05-12,28,4,1,12.36,8
859,2023-09-22,36,2,1,20.46,6
860,2023-02-26,21,5,5,36.22,105
861,2024-01-08,6,4,3,23.70,129
862,2023-05-04,38,5,5,5.43,154
863,2023-05-06,22,5,7,30.27,109
864,2023-08-12,7,2,4,18.70,66
865,2024-08-26,32,5,6,6.29,140
866,2024-03-09,16,3,3,29.20,79
867,2023-01-22,39,1,1,31.97,62
868,2023-09-17,25,3,6,28.04,137
869,2023-08-31,25,1,7,36.88,78
870,2023-04-03,20,2,3,25.99,197
871,2024-10-21,3,3,2,37.74,121
872,2024-02-27,28,1,3,21.24,91
873,2024-03-06,36,3,8,30.96,165
874,2024-10-18,29,2,1,25.88,81
875,2024-08-12,8,2,4,38.85,167
876,2023-05-14,27,3,8,29.94,67
877,2023-06-27,38,3,5,17.75,47
878,2024-02-07,37,2,1,37.08,166
879,2024-09-18,15,1,8,28.65,44
880,2023-02-20,40,4,10,5.38,95
881,2023-06-24,8,1,9,36.96,117
882,2024-11-20,8,2,4,34.75,69
883,2023-10-22,32,4,3,9.85,56
884,2023-10-17,13,4,3,7.55,75
885,2023-09-26,40,4,4,28.00,118
886,2023-03-29,31,2,6,17.11,55
887,2024-12-31,28,5,5,23.17,14
888,2023-12-07,31,3,10,38.75,154
889,2024-12-27,3,1,5,16.48,102
890,2024-11-18,9,5,1,11.89,129
891,2024-05-19,30,2,2,22.16,37
892,2023-09-24,21,1,3,38.99,72
893,2024-01-05,19,3,10,37.22,133
894,2023-11-17,11,3,8,7.75,169
895,2024-10-13,4,2,3,8.96,121
896,2023-09-24,30,4,2,37.23,11
897,2024-03-28,36,4,8,34.14,38
898,2023-05-07,6,2,5,8.40,131
899,2023-10-07,38,2,10,2.16,197
900,2024-08-07,27,1,4,27.72,85
901,2023-01-27,8,4,6,38.15,83
902,2023-06-07,6,4,8,38.30,153
903,2024-11-04,22,1,10,14.35,188
904,2024-08-05,14,1,5,4.11,19
905,2024-07-14,25,1,7,11.12,198
906,2024-02-13,2,2,3,17.29,166
907,2024-10-31,8,3,8,29.96,80
908,2024-12-02,9,3,2,21.48,126
909,2024-04-01,31,3,10,5.43,109
910,2024-01-13,12,4,7,21.51,119
911,2024-11-23,10,4,9,21.94,75
912,2024-04-24,6,4,5,6.86,77
913,2023-09-12,28,3,10,4.91,12
914,2024-06-09,33,4,7,27.11,146
915,2023-09-17,17,5,2,2.62,190
916,2024-11-08,12,2,7,17.82,181
917,2023-11-01,38,4,8,12.07,48
918,2023-08-05,6,5,5,6.04,137
919,2023-01-19,26,1,1,20.13,178
920,2024-02-19,39,4,5,39.01,93
921,2024-12-08,26,3,2,2.53,29
922,2023-01-17,13,1,4,7.52,62
923,2024-03-22,35,2,2,19.61,122
924,2024-03-08,8,2,3,18.92,125
925,2024-04-27,29,5,4,23.64,101
926,2023-02-22,1,1,7,34.25,189
927,2024-08-15,36,3,1,20.47,152
928,2024-09-18,32,2,1,18.04,81
929,2024-07-20,18,4,8,25.66,166
930,2023-12-22,28,1,3,9.30,89
931,2024-03-24,33,2,10,14.89,155
932,2024-11-03,9,3,7,33.66,173
933,2024-10-30,24,4,3,12.73,192
934,2023-03-30,31,2,3,25.02,26
935,2024-03-01,20,2,4,39.97,92
936,2023-09-25,11,2,9,4.42,111
937,2023-04-27,15,1,9,11.80,88
938,2023-12-30,36,3,3,35.20,155
939,2024-11-16,4,4,8,30.72,28
940,2024-09-17,7,5,1,8.35,31
941,2023-07-30,11,3,8,20.94,26
942,2023-06-07,24,3,3,9.67,107
943,2023-01-07,31,3,5,5.24,96
944,2024-02-29,16,2,9,10.67,110
945,2024-02-28,30,5,6,18.82,198
946,2023-01-11,34,1,2,17.26,198
947,2023-06-18,4,4,1,26.38,148
948,2023-03-01,34,3,7,27.87,142
949,2023-11-08,21,3,1,36.21,157
950,2023-05-31,26,4,4,25.73,159
951,2024-10-29,23,4,4,5.20,138
952,2023-12-09,9,5,9,5.53,142
953,2023-11-16,22,2,1,23.37,139
954,2024-08-29,16,3,7,6.20,16
955,2024-01-17,33,3,2,26.74,32
956,2024-04-04,37,1,8,10.97,191
957,2024-08-18,35,5,4,12.81,184
958,2024-08-09,9,4,9,6.00,133
959,2024-08-19,24,4,2,18.18,106
960,2023-03-25,4,4,3,18.95,95
961,2024-11-24,26,5,9,17.00,68
962,2024-08-21,28,4,8,17.84,42
963,2023-05-28,9,4,8,28.77,136
964,2023-05-01,14,4,8,7.96,144
965,2024-01-14,39,4,2,23.73,11
966,2024-06-19,8,3,5,13.52,125
967,2023-01-29,10,5,7,35.98,73
968,2023-08-09,32,1,2,4.57,12
969,2024-03-03,37,3,10,14.84,97
970,2024-05-01,39,2,3,19.52,116
971,2024-11-14,10,3,2,27.25,105
972,2024-02-01,26,3,9,27.48,114
973,2023-10-12,6,2,1,32.25,182
974,2023-11-13,8,5,2,25.51,148
975,2023-02-24,34,2,8,2.71,169
976,2024-06-28,2,3,4,28.81,149
977,2024-03-30,35,5,6,3.71,6
978,2023-12-15,12,4,1,14.06,66
979,2023-04-04,7,5,3,8.94,197
980,2023-04-02,20,4,3,38.52,47
981,2023-01-28,4,3,7,7.41,83
982,2023-09-22,8,1,4,24.69,61
983,2024-05-19,33,4,2,14.10,142
984,2024-02-21,31,1,7,36.72,5
985,2023-10-03,38,1,4,26.76,33
986,2023-11-08,27,4,2,21.02,37
987,2024-01-18,11,2,9,38.53,143
988,2024-04-07,1,4,10,38.94,1
989,2023-03-03,18,5,5,16.45,90
990,2024-10-09,38,5,5,30.09,145
991,2023-03-13,6,4,2,29.55,72
992,2024-03-18,40,5,6,37.93,163
993,2023-09-25,29,3,4,14.22,54
994,2024-04-15,22,1,3,2.08,122
995,2023-01-05,12,4,9,28.73,196
996,2024-02-07,6,1,9,33.62,172
997,2024-03-31,8,3,7,15.60,46
998,2024-12-14,8,4,6,18.89,57
999,2023-01-21,23,2,2,25.76,184
1000,2023-08-15,32,3,1,36.37,181
1001,2024-09-12,1,2,7,12.54,129
1002,2024-05-20,36,2,10,24.91,45
1003,2023-03-08,9,1,3,23.66,59
1004,2024-06-19,18,2,1,28.33,137
1005,2024-09-21,36,4,1,26.36,167
1006,2023-02-23,28,4,5,21.70,127
1007,2024-01-06,3,2,1,17.96,115
1008,2023-11-20,26,2,6,23.73,7
1009,2023-08-20,28,1,4,14.51,17
1010,2024-10-03,7,1,8,2.91,161
1011,2023-12-09,16,1,8,14.95,14
1012,2023-12-08,16,1,10,31.04,161
1013,2024-04-02,8,1,1,16.34,178
1014,2023-03-08,4,4,1,25.80,17
1015,2023-04-15,4,5,1,16.50,25
1016,2024-09-24,15,5,10,12.29,99
1017,2024-04-20,40,5,2,37.63,7
1018,2024-04-09,22,5,4,2.47,183
1019,2023-03-11,13,5,3,11.74,108
1020,2024-05-07,40,4,3,32.29,16
1021,2023-05-11,38,4,9,30.67,80
1022,2024-08-20,10,2,8,15.03,95
1023,2023-01-09,38,2,1,33.13,144
1024,2023-02-25,23,2,4,9.65,18
1025,2023-12-16,31,4,10,34.38,145
1026,2023-12-10,20,4,6,19.26,11
1027,2024-05-22,1,2,4,10.10,124
1028,2023-12-06,25,2,7,39.62,93
1029,2023-01-11,23,1,9,13.04,50
1030,2024-10-08,24,1,1,12.80,57
1031,2023-09-26,12,3,9,9.45,46
1032,2023-09-26,2,2,7,35.63,87
1033,2023-08-04,30,2,6,27.11,135
1034,2024-09-30,5,1,3,6.97,49
1035,2023-07-16,25,3,6,39.13,63
1036,2023-02-17,38,2,9,7.65,64
1037,2023-02-24,18,2,9,35.66,54
1038,2023-03-25,40,1,3,30.55,166
1039,2024-06-05,32,5,8,29.07,135
1040,2024-12-12,32,4,5,26.25,150
1041,2024-10-27,14,2,4,10.91,56
1042,2023-11-10,25,5,3,16.22,141
1043,2023-03-28,6,3,8,10.75,11
1044,2024-04-21,40,3,7,18.44,95
1045,2024-05-24,18,4,1,10.88,166
1046,2023-03-19,6,3,9,26.46,71
1047,2023-08-22,8,1,6,9.61,51
1048,2024-11-22,17,3,5,24.95,36
1049,2024-07-10,1,3,5,31.76,104
1050,2024-02-20,1,4,9,38.16,102
1051,2023-08-22,14,4,4,31.87,194
1052,2024-04-24,30,3,2,9.14,198
1053,2024-12-15,14,4,8,3.14,36
1054,2024-08-14,20,1,8,33.70,87
1055,2023-08-19,28,4,9,24.30,146
1056,2023-02-02,10,3,10,24.91,156
1057,2024-08-10,25,2,7,16.68,122
1058,2023-04-22,37,4,5,5.96,142
1059,2023-07-01,39,4,1,4.64,99
1060,2023-10-18,15,3,9,4.18,133
1061,2023-01-12,21,4,7,6.21,138
1062,2024-03-04,5,4,4,9.82,111
1063,2024-12-27,31,2,10,13.79,52
1064,2024-05-29,30,3,4,38.89,37
1065,2024-04-01,26,5,4,36.59,126
1066,2024-04-16,37,1,2,35.48,117
1067,2023-12-22,20,4,10,34.29,107
1068,2023-09-13,40,4,8,27.05,179
1069,2024-08-05,26,1,4,8.00,161
1070,2024-07-04,5,2,8,30.95,32
1071,2024-01-13,7,5,6,8.26,54
1072,2024-06-02,30,1,2,27.67,119
1073,2024-01-26,26,2,7,11.52,182
1074,2023-05-20,30,4,8,22.84,63
1075,2024-12-31,9,4,5,8.48,5
1076,2024-09-13,12,3,2,16.85,20
1077,2024-11-18,18,2,8,10.23,9
1078,2024-11-22,14,4,1,32.84,165
1079,2024-11-09,7,4,5,24.73,13
1080,2024-01-22,16,3,4,2.61,8
1081,2023-01-15,13,1,4,5.67,171
1082,2023-06-21,11,1,7,32.99,83
1083,2024-07-29,13,5,4,17.01,110
1084,2023-05-04,14,1,6,2.57,168
1085,2023-11-20,25,2,8,27.00,72
1086,2024-10-27,24,1,2,17.62,197
1087,2024-09-05,7,5,10,38.44,154
1088,2023-11-29,25,2,6,30.95,177
1089,2023-11-22,31,1,6,9.74,150
1090,2024-04-04,33,2,9,39.56,60
1091,2023-01-22,8,3,4,30.78,159
1092,2023-03-23,9,3,8,7.76,53
1093,2024-10-19,16,5,8,14.49,72
1094,2023-11-22,3,5,7,12.96,7
1095,2023-08-23,22,3,4,4.05,171
1096,2023-09-12,15,5,7,8.97,162
1097,2023-01-07,32,1,4,39.70,53
1098,2023-05-09,12,5,9,37.41,61
1099,2024-06-03,28,4,5,9.51,109
1100,2023-06-30,16,3,5,38.77,52
1101,2023-10-06,6,3,7,19.89,109
1102,2024-06-01,28,2,8,21.36,98
1103,2024-03-13,20,5,9,29.61,66
1104,2024-01-25,20,4,5,25.03,19
1105,2023-12-08,31,2,3,2.16,129
1106,2024-01-19,26,4,7,16.18,126
1107,2023-11-12,38,1,7,39.71,32
1108,2024-01-30,11,2,7,31.31,193
1109,2023-12-23,32,3,1,37.21,189
1110,2023-09-10,31,1,6,27.70,179
1111,2024-11-12,10,3,10,27.88,66
1112,2023-09-11,38,2,1,5.51,183
1113,2024-01-29,38,1,9,35.29,43
1114,2024-03-13,20,5,9,16.55,79
1115,2024-02-26,6,1,10,15.09,37
1116,2023-10-03,14,4,5,13.46,44
1117,2024-05-18,7,1,7,26.87,188
1118,2024-03-17,12,3,3,9.52,47
1119,2024-05-29,29,5,4,4.24,47
1120,2023-07-16,27,4,10,26.18,21
1121,2023-10-28,25,1,5,3.13,61
1122,2024-05-04,7,1,1,38.30,171
1123,2024-08-19,7,2,9,16.28,134
1124,2023-09-30,31,3,10,16.09,88
1125,2023-11-19,24,4,7,39.06,85
1126,2023-04-13,30,4,3,38.89,32
1127,2024-06-27,16,3,8,27.04,122
1128,2024-06-11,13,1,6,18.14,93
1129,2023-02-16,21,4,4,17.21,157
1130,2023-03-25,28,4,2,13.17,50
1131,2024-12-30,34,5,9,20.92,23
1132,2023-11-05,36,4,3,38.29,124
1133,2024-11-09,16,2,4,37.88,180
1134,2023-04-02,28,1,3,14.41,99
1135,2023-10-15,17,4,2,37.06,163
1136,2024-05-18,22,2,10,24.83,165
1137,2023-12-18,25,5,7,10.49,30
1138,2023-10-25,8,1,6,37.61,191
1139,2023-04-29,24,2,6,23.92,1
1140,2023-11-15,38,5,4,39.23,82
1141,2024-01-09,9,5,10,6.05,3
1142,2024-07-05,21,2,5,20.99,117
1143,2023-05-31,19,2,1,13.74,177
1144,2023-05-07,37,4,4,28.76,97
1145,2023-03-02,10,2,4,4.00,199
1146,2023-07-03,26,3,3,22.82,87
1147,2024-03-08,31,3,7,22.06,73
1148,2023-10-17,13,5,7,14.29,149
1149,2023-02-25,20,4,3,18.79,124
1150,2023-10-26,14,2,4,2.35,186
1151,2024-08-12,10,4,7,8.39,15
1152,2023-04-09,31,2,1,21.59,87
1153,2024-08-30,10,4,4,11.15,126
1154,2023-11-06,39,2,7,39.66,172
1155,2024-11-05,30,4,5,18.91,3
1156,2023-05-03,6,1,8,36.52,58
1157,2023-01-24,37,5,8,30.32,152
1158,2023-07-05,31,4,5,5.78,17
1159,2024-12-31,12,4,1,33.06,136
1160,2024-05-15,34,5,9,32.02,32
1161,2023-08-01,8,2,10,2.20,115
1162,2023-11-18,3,2,10,8.13,144
1163,2023-09-20,6,1,9,38.72,44
1164,2024-03-09,1,2,5,37.94,76
1165,2024-11-05,29,2,10,13.89,91
1166,2024-09-12,33,2,2,3.70,10
1167,2023-07-12,20,2,3,10.21,92
1168,2023-10-12,40,4,2,11.91,167
1169,2023-06-17,30,1,5,37.73,37
1170,2024-07-02,5,3,4,23.42,166
1171,2024-06-07,11,4,3,31.94,98
1172,2023-01-27,16,1,5,6.18,141
1173,2024-02-21,22,1,6,31.57,38
1174,2023-08-20,1,1,7,10.44,27
1175,2023-05-07,34,3,10,20.61,136
1176,2023-12-24,37,3,9,5.76,13
1177,2023-06-24,25,2,6,27.76,137
1178,2024-07-18,26,4,10,2.36,132
1179,2024-12-31,9,2,7,12.16,186
1180,2024-10-16,16,5,7,8.96,91
1181,2024-04-24,19,3,7,29.30,59
1182,2023-11-09,6,3,7,34.12,163
1183,2023-03-23,16,1,3,5.21,74
1184,2024-07-21,1,4,9,7.18,128
1185,2024-06-11,35,1,7,25.40,49
1186,2023-01-08,28,5,6,30.08,136
1187,2024-12-01,3,5,8,27.63,196
1188,2024-06-20,12,1,6,21.52,14
1189,2024-03-08,25,2,6,14.84,174
1190,2023-09-13,8,3,5,12.06,1
1191,2024-10-08,26,2,5,38.45,132
1192,2023-02-06,40,4,1,25.39,85
1193,2023-11-02,7,1,6,9.07,91
1194,2023-01-10,28,4,4,21.54,40
1195,2024-02-25,32,1,3,11.51,121
1196,2024-02-09,20,3,7,22.38,69
1197,2023-04-22,29,2,3,18.49,92
1198,2024-12-27,8,2,5,16.99,191
1199,2023-12-06,11,2,8,39.35,31
1200,2024-03-07,36,4,3,31.05,103
1201,2023-06-01,7,2,5,24.89,195
