id_fatto,id_tempo,id_prodotto,id_farmacia,id_cliente,quantita,prezzo_unitario,fatturato,margine
1,20231106,25,4,148,2,23.73,47.46,36.34
2,20231030,19,1,176,7,23.51,164.57,112.07
3,20230220,32,3,163,4,15.39,61.56,-9.24
4,20230714,17,2,80,2,26.56,53.12,23.14
5,20240327,38,3,192,3,13.21,39.63,-5.49
6,20240301,13,2,129,9,15.90,143.10,89.73
7,20231007,17,4,30,5,14.87,74.35,-0.60
8,20240424,10,2,94,7,32.57,227.99,122.99
9,20230403,1,3,192,9,16.01,144.09,112.05
10,20241119,38,4,7,6,10.89,65.34,-24.90
11,20240926,21,5,119,4,26.15,104.60,93.72
12,20241218,27,1,127,3,3.41,10.23,-3.15
13,20230429,16,5,191,3,16.10,48.30,-8.19
14,20241214,27,5,126,3,26.89,80.67,67.29
15,20240922,18,1,61,6,18.90,113.40,-5.46
16,20240107,24,5,32,6,12.48,74.88,1.02
17,20240410,14,5,33,1,14.67,14.67,8.03
18,20240801,5,5,60,4,32.90,131.60,77.52
19,20231203,39,1,34,5,7.50,37.50,-31.05
20,20240707,12,1,61,1,15.61,15.61,10.55
21,20240825,2,2,135,5,30.19,150.95,130.55
22,20230427,5,4,28,8,21.50,172.00,63.84
23,20240407,15,5,169,1,36.53,36.53,28.18
24,20240617,30,1,110,1,34.20,34.20,16.33
25,20241203,32,4,38,2,14.24,28.48,-6.92
26,20230309,18,5,153,10,14.36,143.60,-54.50
27,20240627,30,5,30,10,32.14,321.40,142.70
28,20241101,36,2,87,7,10.68,74.76,22.26
29,20240409,27,1,96,6,27.27,163.62,136.86
30,20230606,31,1,25,2,5.54,11.08,-2.78
31,20240117,36,1,172,10,23.34,233.40,158.40
32,20230506,23,4,91,1,24.82,24.82,18.42
33,20230417,33,2,28,3,10.52,31.56,-23.58
34,20231225,24,1,144,5,32.67,163.35,101.80
35,20240928,36,1,69,10,33.52,335.20,260.20
36,20230130,18,3,37,6,8.89,53.34,-65.52
37,20240802,26,1,24,3,38.93,116.79,70.35
38,20240627,25,4,185,8,16.06,128.48,84.00
39,20231129,39,1,13,1,30.67,30.67,16.96
40,20241121,18,4,70,7,18.80,131.60,-7.07
41,20230809,8,3,152,7,27.77,194.39,59.92
42,20240513,20,1,2,4,24.77,99.08,32.28
43,20230729,14,2,128,5,6.56,32.80,-0.40
44,20240316,9,4,172,9,21.01,189.09,159.48
45,20231229,26,1,20,7,35.90,251.30,142.94
46,20231117,28,5,30,7,17.87,125.09,65.17
47,20240219,21,2,93,10,28.21,282.10,254.90
48,20230401,7,2,102,7,21.91,153.37,52.43
49,20231114,22,2,163,6,4.90,29.40,-52.38
50,20230427,33,2,166,6,38.41,230.46,120.18
51,20230601,7,2,195,5,24.89,124.45,52.35
52,20241102,12,4,115,8,30.88,247.04,206.56
53,20241128,40,3,114,6,4.59,27.54,-40.02
54,20241008,18,5,119,1,4.82,4.82,-14.99
55,20240407,4,3,24,5,34.84,174.20,119.95
56,20240921,33,4,190,8,38.26,306.08,159.04
57,20230212,37,2,16,6,21.05,126.30,90.72
58,20240406,22,1,182,9,3.49,31.41,-91.26
59,20240324,34,5,73,10,16.17,161.70,52.80
60,20240201,22,5,17,1,26.60,26.60,12.97
61,20231204,36,4,155,5,34.36,171.80,134.30
62,20230603,6,5,168,3,13.79,41.37,4.17
63,20241216,26,2,144,10,5.22,52.20,-102.60
64,20240121,22,2,131,9,27.48,247.32,124.65
65,20240106,24,3,197,3,14.99,44.97,8.04
66,20240512,15,2,26,3,34.09,102.27,77.22
67,20240603,34,1,153,6,25.49,152.94,87.60
68,20240121,11,2,113,10,8.29,82.90,-34.20
69,20230214,24,2,115,8,30.59,244.72,146.24
70,20230828,16,3,174,8,9.37,74.96,-75.68
71,20240807,30,3,42,7,17.91,125.37,0.28
72,20230724,9,3,142,1,35.22,35.22,31.93
73,20230416,34,1,116,5,8.09,40.45,-14.00
74,20240609,28,1,7,4,35.62,142.48,108.24
75,20240229,26,5,96,6,39.79,238.74,145.86
76,20230818,21,1,74,6,7.23,43.38,27.06
77,20240428,9,4,5,8,36.42,291.36,265.04
78,20230920,10,5,74,10,6.23,62.30,-87.70
79,20230901,8,1,118,4,32.17,128.68,51.84
80,20230306,32,5,132,9,27.30,245.70,86.40
81,20240811,10,3,91,7,28.46,199.22,94.22
82,20230904,27,2,135,2,15.70,31.40,22.48
83,20240711,33,5,163,1,19.87,19.87,1.49
84,20240201,17,1,188,6,15.10,90.60,0.66
85,20241103,7,5,87,6,15.39,92.34,5.82
86,20241020,30,4,199,3,4.40,13.20,-40.41
87,20240413,19,2,81,1,35.66,35.66,28.16
88,20231114,26,5,49,8,30.63,245.04,121.20
89,20231020,4,3,103,5,15.98,79.90,25.65
90,20240326,22,2,133,8,15.96,127.68,18.64
91,20231001,28,1,140,7,33.25,232.75,172.83
92,20231028,7,1,155,6,13.65,81.90,-4.62
93,20240312,29,3,91,8,35.06,280.48,141.12
94,20240921,18,1,132,2,17.44,34.88,-4.74
95,20241126,2,2,33,10,18.65,186.50,145.70
96,20230310,24,3,40,7,3.23,22.61,-63.56
97,20241126,24,3,136,8,23.81,190.48,92.00
98,20240111,21,3,48,4,2.98,11.92,1.04
99,20240526,25,5,115,2,11.89,23.78,12.66
100,20230808,19,4,116,4,34.41,137.64,107.64
101,20230626,29,1,141,6,28.96,173.76,69.24
102,20240709,20,2,32,3,21.33,63.99,13.89
103,20230725,16,4,120,1,23.75,23.75,4.92
104,20240718,40,1,185,2,39.98,79.96,57.44
105,20240505,27,4,165,10,38.95,389.50,344.90
106,20230317,30,5,142,6,33.50,201.00,93.78
107,20241017,12,2,32,7,34.99,244.93,209.51
108,20240614,20,2,89,3,28.95,86.85,36.75
109,20240615,6,3,33,4,22.93,91.72,42.12
110,20241002,40,5,149,2,8.41,16.82,-5.70
111,20230607,40,5,8,6,23.42,140.52,72.96
112,20230325,37,3,164,4,17.83,71.32,47.60
113,20230201,35,3,176,5,32.58,162.90,105.50
114,20240220,30,1,119,1,17.79,17.79,-0.08
115,20230728,39,2,89,6,14.13,84.78,2.52
116,20240213,24,5,32,9,11.19,100.71,-10.08
117,20231001,16,2,158,2,37.92,75.84,38.18
118,20240304,11,3,41,10,9.21,92.10,-25.00
119,20240525,30,4,101,5,5.42,27.10,-62.25
120,20240601,16,2,127,10,3.92,39.20,-149.10
121,20240903,31,3,28,9,9.74,87.66,25.29
122,20240317,17,3,146,7,17.22,120.54,15.61
123,20240729,24,5,196,5,21.16,105.80,44.25
124,20240717,40,5,96,2,5.67,11.34,-11.18
125,20231214,24,2,11,4,17.25,69.00,19.76
126,20230216,9,3,132,8,7.66,61.28,34.96
127,20230524,40,3,77,3,25.43,76.29,42.51
128,20240830,33,5,122,9,23.39,210.51,45.09
129,20230118,22,1,186,7,32.28,225.96,130.55
130,20241205,2,5,199,8,26.91,215.28,182.64
131,20240815,15,1,185,10,21.92,219.20,135.70
132,20240926,10,2,49,1,28.62,28.62,13.62
133,20230120,21,4,129,3,9.75,29.25,21.09
134,20240918,4,2,170,9,14.35,129.15,31.50
135,20240504,25,3,140,3,22.26,66.78,50.10
136,20231229,17,5,143,8,11.37,90.96,-28.96
137,20231102,20,3,123,4,20.58,82.32,15.52
138,20231224,18,3,102,2,22.64,45.28,5.66
139,20231220,19,1,114,5,5.00,25.00,-12.50
140,20241102,31,2,144,4,12.30,49.20,21.48
141,20241213,9,1,13,10,11.09,110.90,78.00
142,20241116,15,2,121,1,14.55,14.55,6.20
143,20230413,9,1,168,9,8.00,72.00,42.39
144,20240502,13,3,197,6,4.25,25.50,-10.08
145,20230402,37,2,10,9,34.31,308.79,255.42
146,20230629,12,1,192,7,9.08,63.56,28.14
147,20231024,1,3,86,10,37.28,372.80,337.20
148,20231019,35,5,130,8,7.10,56.80,-35.04
149,20240424,13,1,66,6,19.44,116.64,81.06
150,20230710,22,3,157,10,9.34,93.40,-42.90
151,20241016,28,5,48,6,27.43,164.58,113.22
152,20230524,21,2,193,1,10.95,10.95,8.23
153,20231001,20,5,168,10,37.52,375.20,208.20
154,20240104,16,1,176,2,8.07,16.14,-21.52
155,20240529,20,1,35,5,10.39,51.95,-31.55
156,20240504,30,5,121,6,22.87,137.22,30.00
157,20240704,14,2,115,10,5.11,51.10,-15.30
158,20240624,24,1,130,10,33.49,334.90,211.80
159,20230727,35,2,30,3,21.77,65.31,30.87
160,20241127,38,4,15,2,18.93,37.86,7.78
161,20240409,33,4,173,8,23.23,185.84,38.80
162,20231112,2,4,149,5,30.34,151.70,131.30
163,20230316,28,3,18,2,4.29,8.58,-8.54
164,20240428,19,4,187,3,31.10,93.30,70.80
165,20241023,24,4,97,8,36.46,291.68,193.20
166,20230324,35,2,101,6,39.73,238.38,169.50
167,20240625,15,1,185,1,19.59,19.59,11.24
168,20240711,35,4,71,4,15.15,60.60,14.68
169,20230713,8,1,5,7,37.58,263.06,128.59
170,20230904,5,1,181,10,24.72,247.20,112.00
171,20230219,3,4,199,8,10.26,82.08,7.60
172,20230227,33,3,82,4,29.80,119.20,45.68
173,20240814,21,2,134,5,39.46,197.30,183.70
174,20230815,20,3,189,1,24.48,24.48,7.78
175,20230629,28,5,165,8,15.09,120.72,52.24
176,20241118,34,3,48,7,13.40,93.80,17.57
177,20240704,16,2,119,5,7.49,37.45,-56.70
178,20230301,27,4,66,9,16.76,150.84,110.70
179,20230728,6,4,49,6,29.53,177.18,102.78
180,20230222,25,5,195,10,4.77,47.70,-7.90
181,20240824,36,2,78,8,36.47,291.76,231.76
182,20230116,13,1,181,8,28.43,227.44,180.00
183,20230729,16,5,137,6,16.47,98.82,-14.16
184,20241026,20,3,26,6,20.90,125.40,25.20
185,20240425,14,3,57,6,23.38,140.28,100.44
186,20230530,17,5,40,10,17.87,178.70,28.80
187,20230720,15,4,168,10,20.97,209.70,126.20
188,20241202,17,4,91,8,29.85,238.80,118.88
189,20230623,35,4,165,3,22.60,67.80,33.36
190,20230302,3,1,162,1,17.67,17.67,8.36
191,20230825,10,1,159,4,16.18,64.72,4.72
192,20241015,40,4,137,8,22.39,179.12,89.04
193,20240718,1,1,74,9,22.36,201.24,169.20
194,20230118,28,2,62,2,21.93,43.86,26.74
195,20230716,34,3,96,6,17.08,102.48,37.14
196,20240220,37,2,21,4,33.47,133.88,110.16
197,20241031,3,1,15,7,23.00,161.00,95.83
198,20241014,11,1,85,8,26.51,212.08,118.40
199,20240802,34,1,146,4,34.99,139.96,96.40
200,20240501,3,1,9,5,23.41,117.05,70.50
201,20230703,2,2,102,10,33.19,331.90,291.10
202,20230320,11,5,174,4,34.28,137.12,90.28
203,20240707,25,2,14,2,39.02,78.04,66.92
204,20230411,15,1,153,6,25.33,151.98,101.88
205,20240211,2,3,97,8,15.52,124.16,91.52
206,20240318,38,4,64,2,13.22,26.44,-3.64
207,20241231,6,3,40,3,31.79,95.37,58.17
208,20240203,24,1,79,2,29.14,58.28,33.66
209,20240331,18,1,143,3,18.38,55.14,-4.29
210,20240722,27,1,153,1,23.06,23.06,18.60
211,20240904,25,1,186,5,31.61,158.05,130.25
212,20240726,37,5,69,3,8.44,25.32,7.53
213,20231105,32,2,77,2,12.49,24.98,-10.42
214,20240510,24,3,158,4,20.84,83.36,34.12
215,20230720,7,2,102,5,23.68,118.40,46.30
216,20231207,25,3,167,8,32.99,263.92,219.44
217,20240831,20,3,81,10,9.63,96.30,-70.70
218,20230701,21,3,84,8,31.72,253.76,232.00
219,20240121,26,3,140,2,9.59,19.18,-11.78
220,20230704,36,1,75,8,9.97,79.76,19.76
221,20241210,27,4,169,3,11.20,33.60,20.22
222,20230607,28,4,150,2,24.72,49.44,32.32
223,20240215,33,4,180,9,38.80,349.20,183.78
224,20240703,6,1,166,4,15.49,61.96,12.36
225,20240919,37,4,3,6,18.36,110.16,74.58
226,20230411,15,5,57,9,28.13,253.17,178.02
227,20240401,26,4,7,10,7.73,77.30,-77.50
228,20240509,19,4,37,2,37.75,75.50,60.50
229,20231223,22,4,25,4,15.24,60.96,6.44
230,20240324,29,3,30,2,32.79,65.58,30.74
231,20230124,7,2,85,4,22.97,91.88,34.20
232,20240727,30,2,169,7,9.08,63.56,-61.53
233,20240318,2,5,2,4,18.32,73.28,56.96
234,20241222,14,3,138,2,32.38,64.76,51.48
235,20230711,21,2,126,8,27.49,219.92,198.16
236,20240624,21,5,90,7,24.31,170.17,151.13
237,20231227,40,2,173,5,24.43,122.15,65.85
238,20230518,8,2,37,5,16.19,80.95,-15.10
239,20240607,27,5,125,3,18.08,54.24,40.86
240,20241012,12,5,81,3,7.33,21.99,6.81
241,20240406,4,3,99,1,9.41,9.41,-1.44
242,20240729,32,4,126,8,33.92,271.36,129.76
243,20230621,37,1,138,4,12.44,49.76,26.04
244,20231023,30,5,30,8,6.30,50.40,-92.56
245,20231002,24,5,56,1,18.77,18.77,6.46
246,20240311,16,3,23,1,15.25,15.25,-3.58
247,20240325,16,2,157,10,34.72,347.20,158.90
248,20241009,11,5,16,3,32.91,98.73,63.60
249,20240806,35,3,181,10,14.30,143.00,28.20
250,20231027,37,3,25,9,27.81,250.29,196.92
251,20230519,4,3,38,3,7.04,21.12,-11.43
252,20241229,16,4,161,8,26.03,208.24,57.60
253,20240229,29,1,178,2,30.49,60.98,26.14
254,20240113,32,3,199,10,27.30,273.00,96.00
255,20230406,30,3,110,2,17.11,34.22,-1.52
256,20230805,18,3,145,5,23.96,119.80,20.75
257,20240511,4,1,5,2,33.79,67.58,45.88
258,20230508,29,4,177,1,18.26,18.26,0.84
259,20230516,20,2,22,5,15.70,78.50,-5.00
260,20240116,11,1,194,7,29.59,207.13,125.16
261,20230828,6,1,152,1,4.96,4.96,-7.44
262,20230820,29,1,109,1,33.05,33.05,15.63
263,20241211,31,1,27,4,29.77,119.08,91.36
264,20230416,24,3,35,3,32.91,98.73,61.80
265,20241018,10,1,43,9,25.19,226.71,91.71
266,20240326,14,2,56,7,18.81,131.67,85.19
267,20230330,9,1,110,10,15.36,153.60,120.70
268,20231119,16,3,185,2,24.84,49.68,12.02
269,20240914,2,3,192,4,21.36,85.44,69.12
270,20240206,4,2,164,8,11.16,89.28,2.48
271,20240831,34,1,146,6,7.02,42.12,-23.22
272,20240306,35,2,5,8,31.27,250.16,158.32
273,20240824,1,3,102,4,4.30,17.20,2.96
274,20240602,33,4,138,7,5.13,35.91,-92.75
275,20240704,10,3,53,2,21.43,42.86,12.86
276,20230609,21,4,175,10,33.71,337.10,309.90
277,20241020,20,4,112,4,5.28,21.12,-45.68
278,20230429,40,5,190,1,30.18,30.18,18.92
279,20230629,1,2,134,1,38.21,38.21,34.65
280,20240613,17,2,69,6,31.68,190.08,100.14
281,20230501,22,4,148,5,11.99,59.95,-8.20
282,20241004,32,4,146,9,20.99,188.91,29.61
283,20230620,11,3,30,2,27.62,55.24,31.82
284,20230822,33,1,12,1,2.47,2.47,-15.91
285,20240428,25,2,142,3,34.58,103.74,87.06
286,20241102,15,3,70,4,29.37,117.48,84.08
287,20230321,24,1,58,9,4.00,36.00,-74.79
288,20240612,26,1,80,8,31.39,251.12,127.28
289,20231202,36,4,78,1,13.08,13.08,5.58
290,20240929,30,3,199,10,39.92,399.20,220.50
291,20230720,35,2,105,3,25.40,76.20,41.76
292,20230125,35,3,169,1,2.06,2.06,-9.42
293,20240121,20,1,126,4,11.05,44.20,-22.60
294,20230303,18,1,134,1,36.10,36.10,16.29
295,20240227,24,4,164,2,21.21,42.42,17.80
296,20240208,38,5,61,1,38.64,38.64,23.60
297,20231026,21,4,20,6,12.33,73.98,57.66
298,20230727,38,1,81,3,19.08,57.24,12.12
299,20240221,35,3,31,4,19.61,78.44,32.52
300,20230403,20,5,38,1,34.55,34.55,17.85
301,20230404,16,3,67,7,27.73,194.11,62.30
302,20230628,26,4,119,9,11.49,103.41,-35.91
303,20230415,8,1,34,1,39.34,39.34,20.13
304,20230722,24,1,20,10,36.86,368.60,245.50
305,20230123,13,4,85,3,34.20,102.60,84.81
306,20230506,30,1,186,3,18.46,55.38,1.77
307,20240209,2,4,48,7,10.16,71.12,42.56
308,20231009,29,2,166,1,25.45,25.45,8.03
309,20231030,27,5,36,8,12.63,101.04,65.36
310,20240305,34,2,183,9,39.60,356.40,258.39
311,20240103,35,4,100,6,21.09,126.54,57.66
312,20231004,2,3,200,10,36.04,360.40,319.60
313,20231015,31,5,41,6,39.99,239.94,198.36
314,20230413,16,3,15,9,36.86,331.74,162.27
315,20230813,25,3,189,3,24.52,73.56,56.88
316,20241215,38,1,145,6,23.42,140.52,50.28
317,20230712,35,3,60,3,5.43,16.29,-18.15
318,20240908,2,5,158,8,5.44,43.52,10.88
319,20230726,22,2,181,6,7.61,45.66,-36.12
320,20230526,34,3,102,2,37.79,75.58,53.80
321,20240823,22,3,112,6,7.99,47.94,-33.84
322,20241016,21,2,92,9,37.30,335.70,311.22
323,20230817,38,2,33,7,28.16,197.12,91.84
324,20230701,1,5,146,7,31.29,219.03,194.11
325,20230203,39,3,128,10,23.49,234.90,97.80
326,20230525,5,2,23,6,8.38,50.28,-30.84
327,20241226,22,4,18,1,11.48,11.48,-2.15
328,20231225,7,1,43,1,29.84,29.84,15.42
329,20240228,25,3,148,9,33.49,301.41,251.37
330,20241028,15,2,76,8,34.14,273.12,206.32
331,20230121,17,1,42,2,35.74,71.48,41.50
332,20230318,6,3,181,10,35.94,359.40,235.40
333,20230201,11,5,53,7,5.85,40.95,-41.02
334,20230714,36,5,25,5,13.30,66.50,29.00
335,20230220,37,5,110,8,15.71,125.68,78.24
336,20230331,39,4,164,4,9.86,39.44,-15.40
337,20231026,31,1,170,5,19.90,99.50,64.85
338,20230929,35,4,48,3,16.49,49.47,15.03
339,20240401,17,4,145,8,33.81,270.48,150.56
340,20230305,7,1,194,6,17.73,106.38,19.86
341,20240826,36,1,138,7,17.91,125.37,72.87
342,20241204,37,2,183,8,17.00,136.00,88.56
343,20230205,37,5,31,10,25.57,255.70,196.40
344,20240404,11,2,175,4,18.09,72.36,25.52
345,20240321,10,5,18,5,29.63,148.15,73.15
346,20230331,36,4,118,9,12.50,112.50,45.00
347,20230113,40,5,39,9,6.28,56.52,-44.82
348,20230601,38,5,26,2,23.38,46.76,16.68
349,20231020,23,4,156,5,20.45,102.25,70.25
350,20240429,12,3,178,7,25.13,175.91,140.49
351,20240216,26,3,69,4,20.06,80.24,18.32
352,20240117,22,3,179,5,20.68,103.40,35.25
353,20241202,15,2,83,5,18.84,94.20,52.45
354,20231003,27,5,105,2,10.03,20.06,11.14
355,20240511,24,1,182,9,4.49,40.41,-70.38
356,20240602,9,5,50,10,7.57,75.70,42.80
357,20230725,16,1,51,8,15.69,125.52,-25.12
358,20231008,30,5,8,7,6.71,46.97,-78.12
359,20230905,32,5,151,8,35.08,280.64,139.04
360,20240718,23,2,73,5,28.18,140.90,108.90
361,20230129,4,2,57,10,10.14,101.40,-7.10
362,20241024,14,3,197,7,34.86,244.02,197.54
363,20241129,31,2,65,3,2.32,6.96,-13.83
364,20240914,18,4,56,7,19.44,136.08,-2.59
365,20240422,34,5,170,7,2.28,15.96,-60.27
366,20240119,39,5,17,5,6.11,30.55,-38.00
367,20231211,21,3,167,5,38.18,190.90,177.30
368,20231102,10,5,154,4,32.61,130.44,70.44
369,20240218,21,2,67,1,39.90,39.90,37.18
370,20240304,25,1,49,10,23.74,237.40,181.80
371,20231218,15,5,130,8,27.53,220.24,153.44
372,20231104,36,2,67,5,6.86,34.30,-3.20
373,20240726,22,1,79,4,30.28,121.12,66.60
374,20240306,24,3,121,10,34.35,343.50,220.40
375,20230224,38,5,129,10,35.80,358.00,207.60
376,20230503,25,5,39,5,35.09,175.45,147.65
377,20230521,22,4,37,10,39.49,394.90,258.60
378,20231120,12,1,81,8,39.49,315.92,275.44
379,20241011,1,4,148,5,31.39,156.95,139.15
380,20230612,6,2,110,10,18.32,183.20,59.20
381,20240503,1,1,4,9,16.18,145.62,113.58
382,20231126,13,1,178,1,11.46,11.46,5.53
383,20231219,9,1,17,7,13.63,95.41,72.38
384,20230216,19,4,176,9,14.84,133.56,66.06
385,20230518,32,3,104,4,36.46,145.84,75.04
386,20230120,15,2,44,4,24.41,97.64,64.24
387,20230507,3,4,153,5,25.68,128.40,81.85
388,20230219,7,1,98,1,17.84,17.84,3.42
389,20230507,17,4,3,3,28.06,84.18,39.21
390,20231105,7,5,108,5,28.63,143.15,71.05
391,20230418,40,1,51,5,6.04,30.20,-26.10
392,20240915,17,5,42,4,17.57,70.28,10.32
393,20230210,32,2,172,8,2.10,16.80,-124.80
394,20230402,37,4,20,3,31.62,94.86,77.07
395,20230414,15,4,45,5,3.90,19.50,-22.25
396,20230210,24,3,195,7,5.61,39.27,-46.90
397,20230216,9,2,160,6,18.63,111.78,92.04
398,20231002,6,3,117,6,17.23,103.38,28.98
399,20231006,31,4,16,3,28.45,85.35,64.56
400,20230613,27,5,47,8,27.78,222.24,186.56
401,20240917,23,5,187,1,35.44,35.44,29.04
402,20230514,32,1,168,7,4.41,30.87,-93.03
403,20231118,34,5,87,10,38.32,383.20,274.30
404,20240615,40,1,89,7,11.45,80.15,1.33
405,20241110,25,2,3,9,25.29,227.61,177.57
406,20241020,33,4,126,8,4.84,38.72,-108.32
407,20231125,22,3,97,1,22.92,22.92,9.29
408,20240217,6,4,128,8,19.03,152.24,53.04
409,20240402,8,4,143,1,17.67,17.67,-1.54
410,20240716,6,5,144,10,35.82,358.20,234.20
411,20230731,30,3,117,6,33.03,198.18,90.96
412,20231206,40,5,116,8,15.81,126.48,36.40
413,20230427,15,1,75,6,26.08,156.48,106.38
414,20240714,24,1,184,1,20.71,20.71,8.40
415,20240224,17,5,101,4,37.35,149.40,89.44
416,20230809,13,3,163,2,3.77,7.54,-4.32
417,20241119,8,4,35,8,38.34,306.72,153.04
418,20240525,34,1,124,9,33.88,304.92,206.91
419,20240604,38,2,156,3,26.99,80.97,35.85
420,20231126,25,4,71,10,30.97,309.70,254.10
421,20240212,19,4,192,3,24.90,74.70,52.20
422,20240608,36,3,160,9,9.63,86.67,19.17
423,20231025,23,2,83,3,28.38,85.14,65.94
424,20241228,23,5,182,8,37.82,302.56,251.36
425,20240303,35,3,7,7,21.86,153.02,72.66
426,20240126,4,1,74,4,31.85,127.40,84.00
427,20241130,10,1,92,5,22.56,112.80,37.80
428,20240408,40,5,61,4,23.33,93.32,48.28
429,20240607,19,1,176,7,38.35,268.45,215.95
430,20231117,4,1,114,5,35.02,175.10,120.85
431,20230819,24,5,186,9,9.47,85.23,-25.56
432,20230718,29,2,132,2,8.60,17.20,-17.64
433,20230503,3,4,150,5,6.94,34.70,-11.85
434,20230919,22,4,153,3,37.29,111.87,70.98
435,20230222,40,3,19,8,22.91,183.28,93.20
436,20241225,34,2,41,3,31.88,95.64,62.97
437,20240301,35,4,170,2,35.57,71.14,48.18
438,20231206,24,3,122,4,25.49,101.96,52.72
439,20240728,1,1,158,6,36.37,218.22,196.86
440,20240928,3,3,99,7,37.91,265.37,200.20
441,20230920,19,1,131,9,16.25,146.25,78.75
442,20240401,3,3,25,4,5.13,20.52,-16.72
443,20230621,35,1,55,2,25.92,51.84,28.88
444,20241202,7,2,190,9,35.39,318.51,188.73
445,20240321,5,2,23,1,14.61,14.61,1.09
446,20230317,12,3,67,9,33.22,298.98,253.44
447,20240222,29,4,31,7,16.80,117.60,-4.34
448,20240701,40,1,92,10,34.23,342.30,229.70
449,20240529,19,3,113,10,31.08,310.80,235.80
450,20240126,2,4,101,3,7.18,21.54,9.30
451,20240712,10,3,143,6,2.42,14.52,-75.48
452,20230525,3,1,22,10,22.41,224.10,131.00
453,20231109,23,2,37,7,34.36,240.52,195.72
454,20230614,15,5,146,5,8.89,44.45,2.70
455,20230225,30,5,26,2,4.56,9.12,-26.62
456,20230722,38,4,61,6,27.51,165.06,74.82
457,20230413,40,1,158,4,19.12,76.48,31.44
458,20241106,38,2,110,10,32.69,326.90,176.50
459,20230622,21,2,71,4,26.35,105.40,94.52
460,20240104,22,4,125,8,31.44,251.52,142.48
461,20240718,12,5,36,2,34.63,69.26,59.14
462,20240705,17,1,162,2,34.28,68.56,38.58
463,20230201,38,4,67,10,3.39,33.90,-116.50
464,20240710,31,2,151,6,35.87,215.22,173.64
465,20231025,30,5,3,9,15.83,142.47,-18.36
466,20241109,40,2,145,9,8.05,72.45,-28.89
467,20240802,10,4,60,6,30.94,185.64,95.64
468,20230306,24,2,93,1,21.68,21.68,9.37
469,20240202,30,1,181,1,14.31,14.31,-3.56
470,20240617,18,3,168,10,8.61,86.10,-112.00
471,20240123,38,1,58,9,38.96,350.64,215.28
472,20240612,23,3,2,8,35.71,285.68,234.48
473,20240528,29,2,55,4,26.45,105.80,36.12
474,20230603,11,3,59,10,6.50,65.00,-52.10
475,20240229,8,4,166,8,24.45,195.60,41.92
476,20240225,16,1,162,3,8.12,24.36,-32.13
477,20240608,37,2,133,1,37.05,37.05,31.12
478,20240220,37,1,156,5,10.23,51.15,21.50
479,20240427,11,2,197,7,32.20,225.40,143.43
480,20230706,33,3,117,3,15.02,45.06,-10.08
481,20240902,5,2,52,7,6.13,42.91,-51.73
482,20240619,27,2,158,10,20.08,200.80,156.20
483,20240906,35,5,155,2,27.06,54.12,31.16
484,20240706,28,5,136,7,3.65,25.55,-34.37
485,20240315,31,4,195,6,30.17,181.02,139.44
486,20241214,7,4,22,3,31.10,93.30,50.04
487,20231018,35,4,2,5,28.95,144.75,87.35
488,20240814,8,5,81,1,9.81,9.81,-9.40
489,20240223,7,2,138,7,11.64,81.48,-19.46
490,20240309,24,5,53,5,17.10,85.50,23.95
491,20240228,36,4,65,3,23.09,69.27,46.77
492,20231111,23,4,192,3,27.05,81.15,61.95
493,20230824,11,1,141,4,31.87,127.48,80.64
494,20240920,4,2,24,7,2.20,15.40,-60.55
495,20230529,39,4,21,2,10.43,20.86,-6.56
496,20240915,25,4,153,10,12.89,128.90,73.30
497,20230228,32,4,133,1,26.96,26.96,9.26
498,20231020,3,5,44,9,10.80,97.20,13.41
499,20241121,24,2,71,1,5.30,5.30,-7.01
500,20240214,26,4,181,10,2.58,25.80,-129.00
501,20230312,36,3,71,9,15.23,137.07,69.57
502,20230820,13,4,105,7,11.92,83.44,41.93
503,20240602,36,1,132,9,37.99,341.91,274.41
504,20230921,37,3,198,8,23.40,187.20,139.76
505,20230907,30,4,67,10,20.31,203.10,24.40
506,20230311,15,2,138,6,15.42,92.52,42.42
507,20230110,17,2,88,5,27.60,138.00,63.05
508,20230319,12,4,69,6,35.98,215.88,185.52
509,20230707,13,4,68,4,11.20,44.80,21.08
510,20230731,13,2,31,10,31.60,316.00,256.70
511,20230322,32,5,11,1,22.58,22.58,4.88
512,20240508,40,3,148,8,35.48,283.84,193.76
513,20231009,12,5,33,5,30.51,152.55,127.25
514,20230225,28,4,176,9,15.20,136.80,59.76
515,20230628,8,5,173,8,2.32,18.56,-135.12
516,20230804,38,1,48,6,34.75,208.50,118.26
517,20240715,16,3,48,8,15.04,120.32,-30.32
518,20240525,14,4,116,6,17.22,103.32,63.48
519,20230704,9,5,61,4,29.39,117.56,104.40
520,20240722,25,2,122,3,30.06,90.18,73.50
521,20230110,27,4,133,3,34.28,102.84,89.46
522,20240630,21,4,13,5,34.62,173.10,159.50
523,20240212,11,1,162,4,20.11,80.44,33.60
524,20230409,22,3,66,6,23.18,139.08,57.30
525,20231219,27,1,51,6,38.60,231.60,204.84
526,20240813,35,2,125,5,27.58,137.90,80.50
527,20240402,25,5,43,5,38.35,191.75,163.95
528,20241017,27,5,21,10,36.47,364.70,320.10
529,20230615,15,3,155,6,29.00,174.00,123.90
530,20241022,18,4,116,6,21.80,130.80,11.94
531,20240228,12,1,191,3,27.16,81.48,66.30
532,20241218,6,2,122,3,5.63,16.89,-20.31
533,20240715,2,4,68,9,5.16,46.44,9.72
534,20240924,6,4,114,5,30.03,150.15,88.15
535,20241003,9,5,170,3,7.57,22.71,12.84
536,20240101,31,4,35,9,22.84,205.56,143.19
537,20241215,12,5,145,10,30.46,304.60,254.00
538,20240321,35,3,23,6,10.63,63.78,-5.10
539,20240328,24,4,134,5,2.40,12.00,-49.55
540,20230520,19,4,126,9,16.49,148.41,80.91
541,20240503,1,4,141,5,32.28,161.40,143.60
542,20240118,27,5,189,7,8.20,57.40,26.18
543,20241023,25,2,133,5,25.76,128.80,101.00
544,20240919,18,3,18,9,17.69,159.21,-19.08
545,20230706,19,1,160,8,12.34,98.72,38.72
546,20240518,21,1,48,3,22.33,66.99,58.83
547,20230415,18,2,39,8,10.85,86.80,-71.68
548,20230116,14,3,96,7,32.38,226.66,180.18
549,20240419,3,3,15,2,38.16,76.32,57.70
550,20230930,5,5,65,8,36.04,288.32,180.16
551,20240126,8,2,189,7,18.83,131.81,-2.66
552,20230204,30,1,100,9,9.92,89.28,-71.55
553,20241128,21,2,32,1,22.88,22.88,20.16
554,20230917,20,2,56,6,34.82,208.92,108.72
555,20230426,28,3,31,1,12.49,12.49,3.93
556,20240210,1,1,153,10,20.06,200.60,165.00
557,20230608,6,2,87,3,28.07,84.21,47.01
558,20241002,4,3,33,3,32.08,96.24,63.69
559,20240514,21,5,50,6,18.67,112.02,95.70
560,20230122,25,3,181,3,3.50,10.50,-6.18
561,20240324,19,5,90,8,9.09,72.72,12.72
562,20231128,30,3,18,10,23.07,230.70,52.00
563,20240627,29,3,199,5,19.26,96.30,9.20
564,20241015,25,2,159,1,15.83,15.83,10.27
565,20230902,5,5,197,7,27.96,195.72,101.08
566,20240718,40,3,25,6,14.24,85.44,17.88
567,20240619,5,1,28,3,3.19,9.57,-30.99
568,20240512,7,1,126,10,16.77,167.70,23.50
569,20240622,38,3,19,1,25.03,25.03,9.99
570,20230114,32,1,143,8,4.31,34.48,-107.12
571,20240301,4,5,78,5,29.90,149.50,95.25
572,20230321,34,1,49,2,22.20,44.40,22.62
573,20230717,16,5,192,3,23.21,69.63,13.14
574,20230419,37,3,27,8,18.23,145.84,98.40
575,20230620,36,4,154,9,8.01,72.09,4.59
576,20240329,21,5,163,6,17.67,106.02,89.70
577,20240316,21,5,197,4,10.13,40.52,29.64
578,20240717,17,3,186,8,17.09,136.72,16.80
579,20230205,39,1,2,9,35.83,322.47,199.08
580,20231104,14,3,71,1,37.85,37.85,31.21
581,20240720,36,5,92,10,3.43,34.30,-40.70
582,20230609,17,3,77,10,11.74,117.40,-32.50
583,20230405,26,5,124,4,29.50,118.00,56.08
584,20230627,37,1,148,10,3.42,34.20,-25.10
585,20240126,4,3,31,6,18.50,111.00,45.90
586,20230821,39,1,82,7,21.93,153.51,57.54
587,20240706,10,3,173,9,7.82,70.38,-64.62
588,20240207,39,5,101,9,18.41,165.69,42.30
589,20230601,22,1,103,8,3.87,30.96,-78.08
590,20230926,26,5,35,7,6.95,48.65,-59.71
591,20240507,13,4,158,7,9.45,66.15,24.64
592,20240620,16,1,148,5,14.29,71.45,-22.70
593,20230402,27,4,153,6,14.19,85.14,58.38
594,20241102,20,2,114,6,39.63,237.78,137.58
595,20240930,29,1,194,4,16.21,64.84,-4.84
596,20230329,4,2,74,10,35.01,350.10,241.60
597,20230115,8,3,190,8,14.61,116.88,-36.80
598,20240704,14,5,160,9,22.85,205.65,145.89
599,20230525,2,4,66,10,22.02,220.20,179.40
600,20230624,19,2,3,10,19.67,196.70,121.70
601,20230310,18,3,167,2,40.25,80.50,40.88
602,20240131,25,5,153,2,20.42,40.84,29.72
603,20240628,12,2,183,9,23.31,209.79,164.25
604,20230123,16,5,41,5,16.95,84.75,-9.40
605,20230119,23,3,129,5,39.17,195.85,163.85
606,20231010,17,4,58,1,38.07,38.07,23.08
607,20230605,26,2,174,2,21.79,43.58,12.62
608,20240919,15,4,80,4,18.21,72.84,39.44
609,20240911,29,5,139,3,7.27,21.81,-30.45
610,20241201,9,3,198,9,18.34,165.06,135.45
611,20230529,37,2,185,6,22.25,133.50,97.92
612,20230502,21,2,106,1,35.45,35.45,32.73
613,20240226,29,3,48,3,6.06,18.18,-34.08
614,20230127,40,3,60,10,10.77,107.70,-4.90
615,20230825,2,3,129,2,20.11,40.22,32.06
616,20240911,24,2,50,7,7.23,50.61,-35.56
617,20230820,27,1,172,5,10.46,52.30,30.00
618,20230727,5,2,84,8,20.62,164.96,56.80
619,20240413,28,4,185,1,33.32,33.32,24.76
620,20231117,40,5,181,10,26.37,263.70,151.10
621,20230209,7,4,63,8,3.61,28.88,-86.48
622,20240615,26,1,13,9,31.08,279.72,140.40
623,20230714,29,4,43,5,12.86,64.30,-22.80
624,20240308,40,1,166,9,19.62,176.58,75.24
625,20240407,33,1,179,3,37.64,112.92,57.78
626,20240713,26,4,152,6,8.80,52.80,-40.08
627,20241230,30,1,183,5,26.65,133.25,43.90
628,20230617,8,1,22,2,26.09,52.18,13.76
629,20240620,25,5,98,10,16.39,163.90,108.30
630,20230214,22,5,197,3,7.50,22.50,-18.39
631,20241230,27,3,74,5,38.52,192.60,170.30
632,20241003,8,2,196,4,31.46,125.84,49.00
633,20230917,30,4,127,8,2.22,17.76,-125.20
634,20230901,38,4,154,8,5.02,40.16,-80.16
635,20230107,36,3,54,10,33.16,331.60,256.60
636,20230220,10,1,171,6,34.45,206.70,116.70
637,20240814,20,3,46,2,17.84,35.68,2.28
638,20230615,19,5,117,10,23.36,233.60,158.60
639,20240815,3,1,18,5,36.11,180.55,134.00
640,20240313,5,3,71,8,28.40,227.20,119.04
641,20231204,27,5,28,4,25.26,101.04,83.20
642,20240808,34,1,181,8,24.98,199.84,112.72
643,20231022,39,3,91,5,39.81,199.05,130.50
644,20230513,37,4,47,9,20.91,188.19,134.82
645,20240916,19,2,31,1,19.67,19.67,12.17
646,20230801,27,4,164,1,23.30,23.30,18.84
647,20230806,13,3,130,5,13.70,68.50,38.85
648,20240717,1,1,158,6,29.53,177.18,155.82
649,20230130,13,3,122,6,20.21,121.26,85.68
650,20230206,9,4,138,3,35.90,107.70,97.83
651,20231210,27,1,81,9,29.55,265.95,225.81
652,20240722,2,2,91,10,32.38,323.80,283.00
653,20230309,18,1,43,6,25.81,154.86,36.00
654,20240807,25,2,79,10,31.73,317.30,261.70
655,20241223,3,3,96,7,35.33,247.31,182.14
656,20240407,14,5,10,5,16.22,81.10,47.90
657,20230726,29,5,40,1,36.39,36.39,18.97
658,20230714,31,5,26,5,7.45,37.25,2.60
659,20240612,9,2,134,1,29.12,29.12,25.83
660,20230429,20,1,12,10,14.67,146.70,-20.30
661,20230416,20,1,54,10,26.28,262.80,95.80
662,20231125,13,3,172,5,31.37,156.85,127.20
663,20230501,10,2,144,5,38.42,192.10,117.10
664,20240610,14,5,181,6,12.30,73.80,33.96
665,20231018,16,2,139,2,35.91,71.82,34.16
666,20240330,9,1,99,8,3.92,31.36,5.04
667,20230225,28,4,162,3,35.87,107.61,81.93
668,20241207,29,5,183,6,33.06,198.36,93.84
669,20241117,6,4,179,10,32.89,328.90,204.90
670,20240424,30,3,37,8,38.00,304.00,161.04
671,20240923,24,4,84,3,27.28,81.84,44.91
672,20240409,2,1,44,8,20.19,161.52,128.88
673,20231017,39,5,183,3,17.42,52.26,11.13
674,20230420,36,1,106,5,17.23,86.15,48.65
675,20230902,16,5,88,3,16.59,49.77,-6.72
676,20230802,38,4,178,7,15.00,105.00,-0.28
677,20230830,5,5,84,8,24.65,197.20,89.04
678,20240722,29,2,28,5,4.65,23.25,-63.85
679,20241202,25,3,56,8,4.34,34.72,-9.76
680,20230523,1,2,158,3,13.08,39.24,28.56
681,20240814,13,2,174,6,32.19,193.14,157.56
682,20231108,23,1,131,10,9.73,97.30,33.30
683,20240218,19,1,1,6,38.78,232.68,187.68
684,20241221,23,1,180,5,10.94,54.70,22.70
685,20240827,21,4,170,7,22.71,158.97,139.93
686,20230627,9,2,107,9,37.13,334.17,304.56
687,20230607,9,2,185,1,2.60,2.60,-0.69
688,20240513,28,2,117,2,32.63,65.26,48.14
689,20241213,28,5,116,3,18.12,54.36,28.68
690,20240129,15,2,188,7,23.96,167.72,109.27
691,20230831,33,3,9,7,23.90,167.30,38.64
692,20230208,31,3,21,2,38.55,77.10,63.24
693,20230526,34,3,157,8,21.89,175.12,88.00
694,20230401,31,1,14,9,13.87,124.83,62.46
695,20231218,1,4,188,8,19.83,158.64,130.16
696,20231206,23,3,153,5,28.41,142.05,110.05
697,20231108,37,3,147,1,23.97,23.97,18.04
698,20230222,19,5,130,1,5.14,5.14,-2.36
699,20230320,17,2,4,10,34.60,346.00,196.10
700,20230425,12,5,45,3,16.05,48.15,32.97
701,20230925,16,4,88,3,34.76,104.28,47.79
702,20230328,39,2,99,8,17.69,141.52,31.84
703,20230901,29,2,14,4,33.99,135.96,66.28
704,20241019,8,1,122,3,20.10,60.30,2.67
705,20240629,25,4,112,8,22.16,177.28,132.80
706,20230113,29,4,11,6,27.95,167.70,63.18
707,20230410,23,4,86,10,34.62,346.20,282.20
708,20231004,7,3,192,10,31.38,313.80,169.60
709,20230905,38,2,47,9,28.23,254.07,118.71
710,20231117,1,1,26,2,7.70,15.40,8.28
711,20240621,29,3,9,4,11.57,46.28,-23.40
712,20230125,6,1,154,10,33.75,337.50,213.50
713,20241015,8,1,166,10,26.94,269.40,77.30
714,20240802,8,2,20,5,27.10,135.50,39.45
715,20241016,18,4,71,6,31.67,190.02,71.16
716,20230305,25,3,46,1,32.89,32.89,27.33
717,20240327,32,2,28,10,26.53,265.30,88.30
718,20230528,28,2,184,10,36.68,366.80,281.20
719,20230923,3,1,115,2,11.52,23.04,4.42
720,20230120,10,1,180,1,12.12,12.12,-2.88
721,20231204,37,1,123,9,31.30,281.70,228.33
722,20240322,5,5,177,4,19.76,79.04,24.96
723,20240508,37,5,15,6,13.51,81.06,45.48
724,20241009,6,3,118,9,14.92,134.28,22.68
725,20231024,13,2,49,9,16.60,149.40,96.03
726,20231103,25,1,113,6,35.64,213.84,180.48
727,20230714,3,2,126,1,24.53,24.53,15.22
728,20240203,35,3,116,8,33.70,269.60,177.76
729,20230117,22,1,31,6,3.63,21.78,-60.00
730,20230805,34,4,19,9,24.02,216.18,118.17
731,20230207,10,4,12,1,36.88,36.88,21.88
732,20230906,9,1,25,3,36.38,109.14,99.27
733,20240412,11,5,128,2,6.04,12.08,-11.34
734,20240901,15,1,189,4,32.84,131.36,97.96
735,20241125,21,1,55,10,14.22,142.20,115.00
736,20230216,12,3,107,2,7.37,14.74,4.62
737,20230622,24,5,11,3,37.18,111.54,74.61
738,20230517,40,4,125,3,22.39,67.17,33.39
739,20230324,1,2,73,2,24.56,49.12,42.00
740,20240302,31,2,116,4,12.30,49.20,21.48
741,20240226,12,5,157,1,29.25,29.25,24.19
742,20230401,20,3,61,7,37.52,262.64,145.74
743,20230716,34,1,139,10,30.92,309.20,200.30
744,20240603,30,2,39,5,6.28,31.40,-57.95
745,20241202,32,2,166,3,3.64,10.92,-42.18
746,20240108,14,4,195,5,32.60,163.00,129.80
747,20240409,7,1,125,9,31.85,286.65,156.87
748,20240611,5,2,51,8,14.39,115.12,6.96
749,20241124,15,1,106,6,11.01,66.06,15.96
750,20230724,15,1,112,8,4.06,32.48,-34.32
751,20230529,40,4,185,3,7.18,21.54,-12.24
752,20230718,23,3,146,4,3.22,12.88,-12.72
753,20230303,9,1,88,8,8.51,68.08,41.76
754,20230814,39,2,142,10,23.97,239.70,102.60
755,20230824,27,5,122,8,10.22,81.76,46.08
756,20240418,1,4,57,4,18.50,74.00,59.76
757,20240828,37,1,121,7,3.52,24.64,-16.87
758,20240531,28,5,26,7,32.32,226.24,166.32
759,20240408,16,1,105,9,28.34,255.06,85.59
760,20230812,23,3,123,4,5.45,21.80,-3.80
761,20241116,11,4,117,10,2.93,29.30,-87.80
762,20240419,26,2,1,6,28.75,172.50,79.62
763,20241004,25,3,70,9,18.18,163.62,113.58
764,20241215,35,5,86,4,5.08,20.32,-25.60
765,20230226,24,1,11,2,19.68,39.36,14.74
766,20240110,12,5,36,2,31.40,62.80,52.68
767,20231209,35,1,180,8,30.59,244.72,152.88
768,20230803,15,3,109,6,21.14,126.84,76.74
769,20231011,5,3,32,6,21.06,126.36,45.24
770,20240426,35,5,173,5,15.99,79.95,22.55
771,20241210,13,4,74,2,36.12,72.24,60.38
772,20230320,11,3,53,2,20.86,41.72,18.30
773,20240617,2,3,34,7,22.57,157.99,129.43
774,20240430,27,4,60,1,4.39,4.39,-0.07
775,20240616,22,4,84,10,26.55,265.50,129.20
776,20240512,34,5,79,8,23.56,188.48,101.36
777,20230625,15,4,13,6,31.25,187.50,137.40
778,20230601,19,4,138,3,8.11,24.33,1.83
779,20231020,12,2,82,3,3.56,10.68,-4.50
780,20240811,29,3,9,6,23.37,140.22,35.70
781,20241112,23,2,137,6,39.07,234.42,196.02
782,20231105,2,4,82,8,38.02,304.16,271.52
783,20230609,35,5,75,6,13.23,79.38,10.50
784,20240810,10,5,123,8,6.27,50.16,-69.84
785,20230211,36,1,159,5,9.19,45.95,8.45
786,20230814,23,1,150,6,26.37,158.22,119.82
787,20240623,18,2,174,1,34.28,34.28,14.47
788,20241118,33,4,131,4,24.92,99.68,26.16
789,20230227,24,4,99,3,18.25,54.75,17.82
790,20240117,19,3,144,6,18.93,113.58,68.58
791,20230331,29,4,109,8,32.62,260.96,121.60
792,20240229,38,5,135,2,13.52,27.04,-3.04
793,20231210,38,4,164,2,34.00,68.00,37.92
794,20231007,12,5,36,8,30.70,245.60,205.12
795,20230724,25,3,78,9,33.27,299.43,249.39
796,20240822,32,5,40,8,32.07,256.56,114.96
797,20230926,31,1,177,5,20.69,103.45,68.80
798,20241022,2,1,154,5,38.88,194.40,174.00
799,20240106,31,5,122,7,25.86,181.02,132.51
800,20241211,24,5,67,10,29.14,291.40,168.30
801,20230616,4,2,92,6,28.34,170.04,104.94
802,20230617,18,3,13,7,38.30,268.10,129.43
803,20231024,34,1,196,9,25.87,232.83,134.82
804,20230407,11,5,176,6,33.42,200.52,130.26
805,20231105,24,1,4,9,33.29,299.61,188.82
806,20230521,19,3,42,8,36.99,295.92,235.92
807,20230415,10,5,144,4,32.21,128.84,68.84
808,20240920,34,5,107,9,32.50,292.50,194.49
809,20240416,8,2,93,1,13.84,13.84,-5.37
810,20230523,39,5,191,6,13.58,81.48,-0.78
811,20230502,9,2,21,4,9.97,39.88,26.72
812,20240311,8,1,11,1,30.78,30.78,11.57
813,20230721,3,5,65,10,6.52,65.20,-27.90
814,20230214,20,1,53,2,36.96,73.92,40.52
815,20240824,12,3,72,1,34.14,34.14,29.08
816,20240816,23,2,130,9,25.29,227.61,170.01
817,20240806,7,5,73,1,29.20,29.20,14.78
818,20230625,1,1,122,4,34.35,137.40,123.16
819,20240111,38,2,91,8,6.08,48.64,-71.68
820,20240124,14,5,81,4,30.93,123.72,97.16
821,20230507,8,5,74,3,15.73,47.19,-10.44
822,20240724,3,1,117,6,16.62,99.72,43.86
823,20240906,20,4,110,4,13.04,52.16,-14.64
824,20230713,31,3,173,3,9.74,29.22,8.43
825,20240518,7,4,31,8,27.71,221.68,106.32
826,20230527,26,5,44,2,35.91,71.82,40.86
827,20230308,13,3,32,4,39.65,158.60,134.88
828,20230827,32,3,165,10,30.74,307.40,130.40
829,20240214,31,5,38,7,21.43,150.01,101.50
830,20240410,8,3,35,8,25.88,207.04,53.36
831,20230131,4,1,98,8,38.94,311.52,224.72
832,20240911,21,2,20,5,5.66,28.30,14.70
833,20241107,32,4,130,4,20.92,83.68,12.88
834,20230925,22,5,196,9,23.37,210.33,87.66
835,20230202,8,4,118,8,16.30,130.40,-23.28
836,20230206,12,5,111,5,8.24,41.20,15.90
837,20230518,25,4,142,2,20.64,41.28,30.16
838,20241202,37,4,15,8,7.94,63.52,16.08
839,20240205,32,5,73,7,15.41,107.87,-16.03
840,20231125,2,5,190,1,15.92,15.92,11.84
841,20240820,22,4,106,2,39.69,79.38,52.12
842,20231226,16,2,177,4,24.52,98.08,22.76
843,20230309,8,3,84,3,31.46,94.38,36.75
844,20230208,28,5,179,9,12.13,109.17,32.13
845,20240425,2,3,26,7,14.25,99.75,71.19
846,20240515,14,3,87,8,31.07,248.56,195.44
847,20230620,20,3,20,7,26.15,183.05,66.15
848,20240702,19,3,58,1,23.79,23.79,16.29
849,20241001,6,5,146,2,12.39,24.78,-0.02
850,20240627,28,2,78,6,26.76,160.56,109.20
851,20240531,28,5,160,6,17.29,103.74,52.38
852,20240611,36,2,48,1,21.62,21.62,14.12
853,20240813,14,4,158,5,22.24,111.20,78.00
854,20240320,4,5,39,4,7.61,30.44,-12.96
855,20241202,28,4,163,6,36.62,219.72,168.36
856,20230728,18,3,104,3,24.85,74.55,15.12
857,20230902,10,2,119,1,33.43,33.43,18.43
858,20240512,28,4,8,1,12.36,12.36,3.80
859,20230922,36,2,6,1,20.46,20.46,12.96
860,20230226,21,5,105,5,36.22,181.10,167.50
861,20240108,6,4,129,3,23.70,71.10,33.90
862,20230504,38,5,154,5,5.43,27.15,-48.05
863,20230506,22,5,109,7,30.27,211.89,116.48
864,20230812,7,2,66,4,18.70,74.80,17.12
865,20240826,32,5,140,6,6.29,37.74,-68.46
866,20240309,16,3,79,3,29.20,87.60,31.11
867,20230122,39,1,62,1,31.97,31.97,18.26
868,20230917,25,3,137,6,28.04,168.24,134.88
869,20230831,25,1,78,7,36.88,258.16,219.24
870,20230403,20,2,197,3,25.99,77.97,27.87
871,20241021,3,3,121,2,37.74,75.48,56.86
872,20240227,28,1,91,3,21.24,63.72,38.04
873,20240306,36,3,165,8,30.96,247.68,187.68
874,20241018,29,2,81,1,25.88,25.88,8.46
875,20240812,8,2,167,4,38.85,155.40,78.56
876,20230514,27,3,67,8,29.94,239.52,203.84
877,20230627,38,3,47,5,17.75,88.75,13.55
878,20240207,37,2,166,1,37.08,37.08,31.15
879,20240918,15,1,44,8,28.65,229.20,162.40
880,20230220,40,4,95,10,5.38,53.80,-58.80
881,20230624,8,1,117,9,36.96,332.64,159.75
882,20241120,8,2,69,4,34.75,139.00,62.16
883,20231022,32,4,56,3,9.85,29.55,-23.55
884,20231017,13,4,75,3,7.55,22.65,4.86
885,20230926,40,4,118,4,28.00,112.00,66.96
886,20230329,31,2,55,6,17.11,102.66,61.08
887,20241231,28,5,14,5,23.17,115.85,73.05
888,20231207,31,3,154,10,38.75,387.50,318.20
889,20241227,3,1,102,5,16.48,82.40,35.85
890,20241118,9,5,129,1,11.89,11.89,8.60
891,20240519,30,2,37,2,22.16,44.32,8.58
892,20230924,21,1,72,3,38.99,116.97,108.81
893,20240105,19,3,133,10,37.22,372.20,297.20
894,20231117,11,3,169,8,7.75,62.00,-31.68
895,20241013,4,2,121,3,8.96,26.88,-5.67
896,20230924,30,4,11,2,37.23,74.46,38.72
897,20240328,36,4,38,8,34.14,273.12,213.12
898,20230507,6,2,131,5,8.40,42.00,-20.00
899,20231007,38,2,197,10,2.16,21.60,-128.80
900,20240807,27,1,85,4,27.72,110.88,93.04
901,20230127,8,4,83,6,38.15,228.90,113.64
902,20230607,6,4,153,8,38.30,306.40,207.20
903,20241104,22,1,188,10,14.35,143.50,7.20
904,20240805,14,1,19,5,4.11,20.55,-12.65
905,20240714,25,1,198,7,11.12,77.84,38.92
906,20240213,2,2,166,3,17.29,51.87,39.63
907,20241031,8,3,80,8,29.96,239.68,86.00
908,20241202,9,3,126,2,21.48,42.96,36.38
909,20240401,31,3,109,10,5.43,54.30,-15.00
910,20240113,12,4,119,7,21.51,150.57,115.15
911,20241123,10,4,75,9,21.94,197.46,62.46
912,20240424,6,4,77,5,6.86,34.30,-27.70
913,20230912,28,3,12,10,4.91,49.10,-36.50
914,20240609,33,4,146,7,27.11,189.77,61.11
915,20230917,17,5,190,2,2.62,5.24,-24.74
916,20241108,12,2,181,7,17.82,124.74,89.32
917,20231101,38,4,48,8,12.07,96.56,-23.76
918,20230805,6,5,137,5,6.04,30.20,-31.80
919,20230119,26,1,178,1,20.13,20.13,4.65
920,20240219,39,4,93,5,39.01,195.05,126.50
921,20241208,26,3,29,2,2.53,5.06,-25.90
922,20230117,13,1,62,4,7.52,30.08,6.36
923,20240322,35,2,122,2,19.61,39.22,16.26
924,20240308,8,2,125,3,18.92,56.76,-0.87
925,20240427,29,5,101,4,23.64,94.56,24.88
926,20230222,1,1,189,7,34.25,239.75,214.83
927,20240815,36,3,152,1,20.47,20.47,12.97
928,20240918,32,2,81,1,18.04,18.04,0.34
929,20240720,18,4,166,8,25.66,205.28,46.80
930,20231222,28,1,89,3,9.30,27.90,2.22
931,20240324,33,2,155,10,14.89,148.90,-34.90
932,20241103,9,3,173,7,33.66,235.62,212.59
933,20241030,24,4,192,3,12.73,38.19,1.26
934,20230330,31,2,26,3,25.02,75.06,54.27
935,20240301,20,2,92,4,39.97,159.88,93.08
936,20230925,11,2,111,9,4.42,39.78,-65.61
937,20230427,15,1,88,9,11.80,106.20,31.05
938,20231230,36,3,155,3,35.20,105.60,83.10
939,20241116,4,4,28,8,30.72,245.76,158.96
940,20240917,7,5,31,1,8.35,8.35,-6.07
941,20230730,11,3,26,8,20.94,167.52,73.84
942,20230607,24,3,107,3,9.67,29.01,-7.92
943,20230107,31,3,96,5,5.24,26.20,-8.45
944,20240229,16,2,110,9,10.67,96.03,-73.44
945,20240228,30,5,198,6,18.82,112.92,5.70
946,20230111,34,1,198,2,17.26,34.52,12.74
947,20230618,4,4,148,1,26.38,26.38,15.53
948,20230301,34,3,142,7,27.87,195.09,118.86
949,20231108,21,3,157,1,36.21,36.21,33.49
950,20230531,26,4,159,4,25.73,102.92,41.00
951,20241029,23,4,138,4,5.20,20.80,-4.80
952,20231209,9,5,142,9,5.53,49.77,20.16
953,20231116,22,2,139,1,23.37,23.37,9.74
954,20240829,16,3,16,7,6.20,43.40,-88.41
955,20240117,33,3,32,2,26.74,53.48,16.72
956,20240404,37,1,191,8,10.97,87.76,40.32
957,20240818,35,5,184,4,12.81,51.24,5.32
958,20240809,9,4,133,9,6.00,54.00,24.39
959,20240819,24,4,106,2,18.18,36.36,11.74
960,20230325,4,4,95,3,18.95,56.85,24.30
961,20241124,26,5,68,9,17.00,153.00,13.68
962,20240821,28,4,42,8,17.84,142.72,74.24
963,20230528,9,4,136,8,28.77,230.16,203.84
964,20230501,14,4,144,8,7.96,63.68,10.56
965,20240114,39,4,11,2,23.73,47.46,20.04
966,20240619,8,3,125,5,13.52,67.60,-28.45
967,20230129,10,5,73,7,35.98,251.86,146.86
968,20230809,32,1,12,2,4.57,9.14,-26.26
969,20240303,37,3,97,10,14.84,148.40,89.10
970,20240501,39,2,116,3,19.52,58.56,17.43
971,20241114,10,3,105,2,27.25,54.50,24.50
972,20240201,26,3,114,9,27.48,247.32,108.00
973,20231012,6,2,182,1,32.25,32.25,19.85
974,20231113,8,5,148,2,25.51,51.02,12.60
975,20230224,34,2,169,8,2.71,21.68,-65.44
976,20240628,2,3,149,4,28.81,115.24,98.92
977,20240330,35,5,6,6,3.71,22.26,-46.62
978,20231215,12,4,66,1,14.06,14.06,9.00
979,20230404,7,5,197,3,8.94,26.82,-16.44
980,20230402,20,4,47,3,38.52,115.56,65.46
981,20230128,4,3,83,7,7.41,51.87,-24.08
982,20230922,8,1,61,4,24.69,98.76,21.92
983,20240519,33,4,142,2,14.10,28.20,-8.56
984,20240221,31,1,5,7,36.72,257.04,208.53
985,20231003,38,1,33,4,26.76,107.04,46.88
986,20231108,27,4,37,2,21.02,42.04,33.12
987,20240118,11,2,143,9,38.53,346.77,241.38
988,20240407,1,4,1,10,38.94,389.40,353.80
989,20230303,18,5,90,5,16.45,82.25,-16.80
990,20241009,38,5,145,5,30.09,150.45,75.25
991,20230313,6,4,72,2,29.55,59.10,34.30
992,20240318,40,5,163,6,37.93,227.58,160.02
993,20230925,29,3,54,4,14.22,56.88,-12.80
994,20240415,22,1,122,3,2.08,6.24,-34.65
995,20230105,12,4,196,9,28.73,258.57,213.03
996,20240207,6,1,172,9,33.62,302.58,190.98
997,20240331,8,3,46,7,15.60,109.20,-25.27
998,20241214,8,4,57,6,18.89,113.34,-1.92
999,20230121,23,2,184,2,25.76,51.52,38.72
1000,20230815,32,3,181,1,36.37,36.37,18.67
1001,20240912,1,2,129,7,12.54,87.78,62.86
1002,20240520,36,2,45,10,24.91,249.10,174.10
1003,20230308,9,1,59,3,23.66,70.98,61.11
1004,20240619,18,2,137,1,28.33,28.33,8.52
1005,20240921,36,4,167,1,26.36,26.36,18.86
1006,20230223,28,4,127,5,21.70,108.50,65.70
1007,20240106,3,2,115,1,17.96,17.96,8.65
1008,20231120,26,2,7,6,23.73,142.38,49.50
1009,20230820,28,1,17,4,14.51,58.04,23.80
1010,20241003,7,1,161,8,2.91,23.28,-92.08
1011,20231209,16,1,14,8,14.95,119.60,-31.04
1012,20231208,16,1,161,10,31.04,310.40,122.10
1013,20240402,8,1,178,1,16.34,16.34,-2.87
1014,20230308,4,4,17,1,25.80,25.80,14.95
1015,20230415,4,5,25,1,16.50,16.50,5.65
1016,20240924,15,5,99,10,12.29,122.90,39.40
1017,20240420,40,5,7,2,37.63,75.26,52.74
1018,20240409,22,5,183,4,2.47,9.88,-44.64
1019,20230311,13,5,108,3,11.74,35.22,17.43
1020,20240507,40,4,16,3,32.29,96.87,63.09
1021,20230511,38,4,80,9,30.67,276.03,140.67
1022,20240820,10,2,95,8,15.03,120.24,0.24
1023,20230109,38,2,144,1,33.13,33.13,18.09
1024,20230225,23,2,18,4,9.65,38.60,13.00
1025,20231216,31,4,145,10,34.38,343.80,274.50
1026,20231210,20,4,11,6,19.26,115.56,15.36
1027,20240522,1,2,124,4,10.10,40.40,26.16
1028,20231206,25,2,93,7,39.62,277.34,238.42
1029,20230111,23,1,50,9,13.04,117.36,59.76
1030,20241008,24,1,57,1,12.80,12.80,0.49
1031,20230926,12,3,46,9,9.45,85.05,39.51
1032,20230926,2,2,87,7,35.63,249.41,220.85
1033,20230804,30,2,135,6,27.11,162.66,55.44
1034,20240930,5,1,49,3,6.97,20.91,-19.65
1035,20230716,25,3,63,6,39.13,234.78,201.42
1036,20230217,38,2,64,9,7.65,68.85,-66.51
1037,20230224,18,2,54,9,35.66,320.94,142.65
1038,20230325,40,1,166,3,30.55,91.65,57.87
1039,20240605,32,5,135,8,29.07,232.56,90.96
1040,20241212,32,4,150,5,26.25,131.25,42.75
1041,20241027,14,2,56,4,10.91,43.64,17.08
1042,20231110,25,5,141,3,16.22,48.66,31.98
1043,20230328,6,3,11,8,10.75,86.00,-13.20
1044,20240421,40,3,95,7,18.44,129.08,50.26
1045,20240524,18,4,166,1,10.88,10.88,-8.93
1046,20230319,6,3,71,9,26.46,238.14,126.54
1047,20230822,8,1,51,6,9.61,57.66,-57.60
1048,20241122,17,3,36,5,24.95,124.75,49.80
1049,20240710,1,3,104,5,31.76,158.80,141.00
1050,20240220,1,4,102,9,38.16,343.44,311.40
1051,20230822,14,4,194,4,31.87,127.48,100.92
1052,20240424,30,3,198,2,9.14,18.28,-17.46
1053,20241215,14,4,36,8,3.14,25.12,-28.00
1054,20240814,20,1,87,8,33.70,269.60,136.00
1055,20230819,28,4,146,9,24.30,218.70,141.66
1056,20230202,10,3,156,10,24.91,249.10,99.10
1057,20240810,25,2,122,7,16.68,116.76,77.84
1058,20230422,37,4,142,5,5.96,29.80,0.15
1059,20230701,39,4,99,1,4.64,4.64,-9.07
1060,20231018,15,3,133,9,4.18,37.62,-37.53
1061,20230112,21,4,138,7,6.21,43.47,24.43
1062,20240304,5,4,111,4,9.82,39.28,-14.80
1063,20241227,31,2,52,10,13.79,137.90,68.60
1064,20240529,30,3,37,4,38.89,155.56,84.08
1065,20240401,26,5,126,4,36.59,146.36,84.44
1066,20240416,37,1,117,2,35.48,70.96,59.10
1067,20231222,20,4,107,10,34.29,342.90,175.90
1068,20230913,40,4,179,8,27.05,216.40,126.32
1069,20240805,26,1,161,4,8.00,32.00,-29.92
1070,20240704,5,2,32,8,30.95,247.60,139.44
1071,20240113,7,5,54,6,8.26,49.56,-36.96
1072,20240602,30,1,119,2,27.67,55.34,19.60
1073,20240126,26,2,182,7,11.52,80.64,-27.72
1074,20230520,30,4,63,8,22.84,182.72,39.76
1075,20241231,9,4,5,5,8.48,42.40,25.95
1076,20240913,12,3,20,2,16.85,33.70,23.58
1077,20241118,18,2,9,8,10.23,81.84,-76.64
1078,20241122,14,4,165,1,32.84,32.84,26.20
1079,20241109,7,4,13,5,24.73,123.65,51.55
1080,20240122,16,3,8,4,2.61,10.44,-64.88
1081,20230115,13,1,171,4,5.67,22.68,-1.04
1082,20230621,11,1,83,7,32.99,230.93,148.96
1083,20240729,13,5,110,4,17.01,68.04,44.32
1084,20230504,14,1,168,6,2.57,15.42,-24.42
1085,20231120,25,2,72,8,27.00,216.00,171.52
1086,20241027,24,1,197,2,17.62,35.24,10.62
1087,20240905,7,5,154,10,38.44,384.40,240.20
1088,20231129,25,2,177,6,30.95,185.70,152.34
1089,20231122,31,1,150,6,9.74,58.44,16.86
1090,20240404,33,2,60,9,39.56,356.04,190.62
1091,20230122,8,3,159,4,30.78,123.12,46.28
1092,20230323,9,3,53,8,7.76,62.08,35.76
1093,20241019,16,5,72,8,14.49,115.92,-34.72
1094,20231122,3,5,7,7,12.96,90.72,25.55
1095,20230823,22,3,171,4,4.05,16.20,-38.32
1096,20230912,15,5,162,7,8.97,62.79,4.34
1097,20230107,32,1,53,4,39.70,158.80,88.00
1098,20230509,12,5,61,9,37.41,336.69,291.15
1099,20240603,28,4,109,5,9.51,47.55,4.75
1100,20230630,16,3,52,5,38.77,193.85,99.70
1101,20231006,6,3,109,7,19.89,139.23,52.43
1102,20240601,28,2,98,8,21.36,170.88,102.40
1103,20240313,20,5,66,9,29.61,266.49,116.19
1104,20240125,20,4,19,5,25.03,125.15,41.65
1105,20231208,31,2,129,3,2.16,6.48,-14.31
1106,20240119,26,4,126,7,16.18,113.26,4.90
1107,20231112,38,1,32,7,39.71,277.97,172.69
1108,20240130,11,2,193,7,31.31,219.17,137.20
1109,20231223,32,3,189,1,37.21,37.21,19.51
1110,20230910,31,1,179,6,27.70,166.20,124.62
1111,20241112,10,3,66,10,27.88,278.80,128.80
1112,20230911,38,2,183,1,5.51,5.51,-9.53
1113,20240129,38,1,43,9,35.29,317.61,182.25
1114,20240313,20,5,79,9,16.55,148.95,-1.35
1115,20240226,6,1,37,10,15.09,150.90,26.90
1116,20231003,14,4,44,5,13.46,67.30,34.10
1117,20240518,7,1,188,7,26.87,188.09,87.15
1118,20240317,12,3,47,3,9.52,28.56,13.38
1119,20240529,29,5,47,4,4.24,16.96,-52.72
1120,20230716,27,4,21,10,26.18,261.80,217.20
1121,20231028,25,1,61,5,3.13,15.65,-12.15
1122,20240504,7,1,171,1,38.30,38.30,23.88
1123,20240819,7,2,134,9,16.28,146.52,16.74
1124,20230930,31,3,88,10,16.09,160.90,91.60
1125,20231119,24,4,85,7,39.06,273.42,187.25
1126,20230413,30,4,32,3,38.89,116.67,63.06
1127,20240627,16,3,122,8,27.04,216.32,65.68
1128,20240611,13,1,93,6,18.14,108.84,73.26
1129,20230216,21,4,157,4,17.21,68.84,57.96
1130,20230325,28,4,50,2,13.17,26.34,9.22
1131,20241230,34,5,23,9,20.92,188.28,90.27
1132,20231105,36,4,124,3,38.29,114.87,92.37
1133,20241109,16,2,180,4,37.88,151.52,76.20
1134,20230402,28,1,99,3,14.41,43.23,17.55
1135,20231015,17,4,163,2,37.06,74.12,44.14
1136,20240518,22,2,165,10,24.83,248.30,112.00
1137,20231218,25,5,30,7,10.49,73.43,34.51
1138,20231025,8,1,191,6,37.61,225.66,110.40
1139,20230429,24,2,1,6,23.92,143.52,69.66
1140,20231115,38,5,82,4,39.23,156.92,96.76
1141,20240109,9,5,3,10,6.05,60.50,27.60
1142,20240705,21,2,117,5,20.99,104.95,91.35
1143,20230531,19,2,177,1,13.74,13.74,6.24
1144,20230507,37,4,97,4,28.76,115.04,91.32
1145,20230302,10,2,199,4,4.00,16.00,-44.00
1146,20230703,26,3,87,3,22.82,68.46,22.02
1147,20240308,31,3,73,7,22.06,154.42,105.91
1148,20231017,13,5,149,7,14.29,100.03,58.52
1149,20230225,20,4,124,3,18.79,56.37,6.27
1150,20231026,14,2,186,4,2.35,9.40,-17.16
1151,20240812,10,4,15,7,8.39,58.73,-46.27
1152,20230409,31,2,87,1,21.59,21.59,14.66
1153,20240830,10,4,126,4,11.15,44.60,-15.40
1154,20231106,39,2,172,7,39.66,277.62,181.65
1155,20241105,30,4,3,5,18.91,94.55,5.20
1156,20230503,6,1,58,8,36.52,292.16,192.96
1157,20230124,37,5,152,8,30.32,242.56,195.12
1158,20230705,31,4,17,5,5.78,28.90,-5.75
1159,20241231,12,4,136,1,33.06,33.06,28.00
1160,20240515,34,5,32,9,32.02,288.18,190.17
1161,20230801,8,2,115,10,2.20,22.00,-170.10
1162,20231118,3,2,144,10,8.13,81.30,-11.80
1163,20230920,6,1,44,9,38.72,348.48,236.88
1164,20240309,1,2,76,5,37.94,189.70,171.90
1165,20241105,29,2,91,10,13.89,138.90,-35.30
1166,20240912,33,2,10,2,3.70,7.40,-29.36
1167,20230712,20,2,92,3,10.21,30.63,-19.47
1168,20231012,40,4,167,2,11.91,23.82,1.30
1169,20230617,30,1,37,5,37.73,188.65,99.30
1170,20240702,5,3,166,4,23.42,93.68,39.60
1171,20240607,11,4,98,3,31.94,95.82,60.69
1172,20230127,16,1,141,5,6.18,30.90,-63.25
1173,20240221,22,1,38,6,31.57,189.42,107.64
1174,20230820,1,1,27,7,10.44,73.08,48.16
1175,20230507,34,3,136,10,20.61,206.10,97.20
1176,20231224,37,3,13,9,5.76,51.84,-1.53
1177,20230624,25,2,137,6,27.76,166.56,133.20
1178,20240718,26,4,132,10,2.36,23.60,-131.20
1179,20241231,9,2,186,7,12.16,85.12,62.09
1180,20241016,16,5,91,7,8.96,62.72,-69.09
1181,20240424,19,3,59,7,29.30,205.10,152.60
1182,20231109,6,3,163,7,34.12,238.84,152.04
1183,20230323,16,1,74,3,5.21,15.63,-40.86
1184,20240721,1,4,128,9,7.18,64.62,32.58
1185,20240611,35,1,49,7,25.40,177.80,97.44
1186,20230108,28,5,136,6,30.08,180.48,129.12
1187,20241201,3,5,196,8,27.63,221.04,146.56
1188,20240620,12,1,14,6,21.52,129.12,98.76
1189,20240308,25,2,174,6,14.84,89.04,55.68
1190,20230913,8,3,1,5,12.06,60.30,-35.75
1191,20241008,26,2,132,5,38.45,192.25,114.85
1192,20230206,40,4,85,1,25.39,25.39,14.13
1193,20231102,7,1,91,6,9.07,54.42,-32.10
1194,20230110,28,4,40,4,21.54,86.16,51.92
1195,20240225,32,1,121,3,11.51,34.53,-18.57
1196,20240209,20,3,69,7,22.38,156.66,39.76
1197,20230422,29,2,92,3,18.49,55.47,3.21
1198,20241227,8,2,191,5,16.99,84.95,-11.10
1199,20231206,11,2,31,8,39.35,314.80,221.12
1200,20240307,36,4,103,3,31.05,93.15,70.65
1201,20230601,7,2,195,5,24.89,124.45,52.35
